,carat,cut,color,clarity,depth,table,x,y,z,price_predicted
7,0.7,Premium,E,SI1,60.1,58.0,5.81,5.83,3.5,2897.945472781424
15,0.51,Ideal,E,SI1,62.4,55.0,5.09,5.14,3.19,1657.2771541671257
25,0.38,Premium,E,VS1,60.2,58.0,4.66,4.71,2.82,846.2784257858932
35,1.06,Ideal,E,VS2,61.3,57.0,6.54,6.57,4.02,5762.576194333455
47,0.51,Very Good,E,SI2,62.0,57.0,5.09,5.13,3.17,1666.816165662396
49,0.94,Premium,E,SI2,60.4,59.0,6.37,6.34,3.84,4748.980753501594
50,0.51,Premium,E,VS2,60.6,58.0,5.15,5.12,3.11,1645.3291129927743
54,0.7,Ideal,E,VS2,62.6,57.0,5.63,5.68,3.54,3012.8477950888046
59,1.02,Good,E,SI2,62.8,64.0,6.36,6.32,3.98,5497.047757778861
61,0.34,Ideal,E,IF,61.7,56.0,4.46,4.48,2.76,612.4343351678408
66,0.27,Premium,E,VVS1,60.6,58.0,4.18,4.2,2.54,222.86233221222255
69,0.34,Ideal,E,VVS2,62.3,57.0,4.48,4.44,2.78,577.7805499279584
72,1.12,Good,E,SI1,64.3,57.0,6.56,6.5,4.2,6249.796131362581
77,0.5,Premium,E,VS2,61.3,60.0,5.11,5.07,3.12,1565.356378400208
78,0.51,Very Good,E,SI1,63.3,59.0,5.09,5.05,3.21,1632.8909461551484
85,0.7,Premium,E,SI2,61.1,61.0,5.74,5.69,3.49,2944.5903774334083
99,1.01,Good,E,VS2,62.5,58.0,6.32,6.36,3.96,5446.973096771742
102,0.7,Very Good,E,VS2,62.7,58.0,5.65,5.67,3.55,2988.1600343774044
107,0.31,Very Good,E,SI2,60.8,61.0,4.39,4.43,2.68,403.7659104993811
109,0.7,Premium,E,VS2,61.0,59.0,5.74,5.7,3.49,2946.075097085079
112,0.51,Ideal,E,VS2,61.8,57.0,5.15,5.14,3.18,1609.7154932818214
114,0.52,Premium,E,VS2,62.5,60.0,5.1,5.14,3.2,1745.3393225837845
124,1.03,Ideal,E,VS2,61.7,56.0,6.45,6.54,4.01,5535.9853254403
127,0.71,Premium,E,VS2,61.5,60.0,5.76,5.68,3.52,3011.2985073083255
133,0.51,Ideal,E,VS2,62.6,55.0,5.08,5.11,3.19,1661.6685829552425
137,0.73,Good,E,VS1,60.8,61.0,5.77,5.8,3.52,3225.108798851762
143,1.01,Very Good,E,VVS2,60.2,60.0,6.46,6.5,3.9,5376.992136932148
149,0.83,Very Good,E,SI1,63.5,58.0,5.93,5.98,3.78,3991.192061114115
151,0.71,Very Good,E,VS2,59.9,59.0,5.77,5.81,3.47,3049.313602904269
153,0.33,Ideal,E,VS2,61.3,55.0,4.46,4.48,2.74,521.0384445815234
165,0.82,Ideal,E,SI1,62.1,55.0,5.98,6.0,3.72,3880.585133409374
173,0.96,Premium,E,SI2,58.2,58.0,6.52,6.47,3.78,4873.508729733718
174,0.52,Very Good,E,SI1,62.7,57.0,5.1,5.14,3.21,1739.827457010314
194,0.7,Very Good,E,VS1,62.7,60.0,5.59,5.64,3.52,3053.3149986015806
198,0.44,Ideal,E,VVS2,61.9,56.0,4.91,4.88,3.03,1149.147519642734
205,0.92,Premium,E,SI2,61.8,59.0,6.19,6.11,3.8,4691.26099971686
213,0.7,Ideal,E,SI1,62.5,57.0,5.7,5.72,3.57,2940.331962773172
215,0.93,Premium,E,I1,62.3,60.0,6.23,6.2,3.87,4733.077688328343
220,0.71,Ideal,E,VS1,62.0,57.0,5.72,5.66,3.53,3038.199553404031
231,0.71,Premium,E,SI1,59.2,59.0,5.86,5.83,3.46,2978.1846180929188
241,0.25,Good,E,VVS2,58.0,65.0,4.13,4.18,2.41,130.93584061312754
245,0.3,Ideal,E,VS2,61.5,55.0,4.33,4.29,2.65,350.1693368219194
249,0.51,Good,E,SI1,64.3,54.0,5.1,5.07,3.27,1593.9436042745374
250,0.7,Ideal,E,VS1,62.2,58.0,5.67,5.71,3.54,2981.9196030713
255,1.24,Good,E,SI1,63.5,55.0,6.82,6.86,4.35,7219.618234698406
259,0.56,Ideal,E,VS2,61.6,57.0,5.3,5.32,3.27,1966.2479493700132
268,0.46,Ideal,E,VS1,61.9,55.0,4.94,4.97,3.06,1324.2768800244867
278,0.35,Premium,E,VVS1,60.7,59.0,4.58,4.55,2.77,613.5880759717732
281,0.37,Premium,E,VVS2,60.9,59.0,4.61,4.65,2.82,779.1784248582564
284,0.31,Ideal,E,VS2,61.5,56.0,4.39,4.42,2.71,385.7455941272988
297,0.33,Premium,E,VVS1,59.7,58.0,4.49,4.52,2.69,527.999887826172
298,1.51,Premium,E,SI1,62.9,62.0,7.31,7.21,4.57,9482.218367275173
308,0.32,Ideal,E,SI2,62.7,55.0,4.39,4.42,2.76,460.6058879932041
317,0.55,Very Good,E,VS2,61.6,60.0,5.23,5.27,3.23,1940.371305874187
318,0.33,Premium,E,VVS1,59.7,58.0,4.52,4.49,2.69,497.0089656417731
322,0.7,Very Good,E,VS1,63.4,57.0,5.63,5.67,3.58,2989.3156131432515
324,0.52,Ideal,E,VS2,61.2,56.0,5.2,5.16,3.17,1676.388481176246
329,0.32,Ideal,E,VVS1,60.9,57.0,4.42,4.45,2.7,471.5944771596521
333,0.53,Ideal,E,VS1,61.5,57.0,5.22,5.25,3.22,1746.9200764209295
336,1.01,Premium,E,SI1,59.2,60.0,6.56,6.51,3.87,5306.556575872939
348,0.53,Very Good,E,VS2,63.5,59.0,5.17,5.13,3.27,1745.7720514491734
350,0.31,Premium,E,VVS1,62.0,59.0,4.34,4.3,2.68,428.6924937433075
355,0.45,Very Good,E,SI2,63.2,54.0,4.94,4.82,3.09,1183.0508667957565
363,0.94,Premium,E,SI2,62.4,58.0,6.33,6.26,3.93,4722.87855709951
365,0.6,Good,E,VS1,58.1,63.0,5.53,5.63,3.24,2235.0398241332778
375,0.51,Ideal,E,VS1,60.9,56.0,5.16,5.22,3.16,1623.7713938989991
377,0.31,Ideal,E,VS1,61.8,56.0,4.33,4.34,2.68,443.47696009311903
387,0.33,Ideal,E,VS2,61.5,55.0,4.47,4.5,2.76,504.13856499479516
392,0.36,Ideal,E,VVS2,61.9,55.0,4.57,4.61,2.84,695.1785443438905
394,0.72,Ideal,E,SI2,62.3,54.0,5.75,5.78,3.59,3098.827854287126
399,0.52,Very Good,E,VS2,62.3,57.0,5.1,5.17,3.2,1749.7934815387964
400,1.05,Very Good,E,SI1,62.2,56.0,6.49,6.56,4.06,5680.852329370288
404,0.54,Ideal,E,VS1,62.0,56.0,5.26,5.23,3.25,1794.4523111579188
408,0.51,Very Good,E,VS2,61.3,60.0,5.11,5.16,3.15,1664.6028802780909
412,0.3,Ideal,E,VVS2,61.7,55.0,4.31,4.28,2.65,366.37579265650766
413,0.7,Very Good,E,VS2,61.2,59.0,5.69,5.72,3.49,2993.2724751040655
414,0.9,Ideal,E,VS2,62.1,57.0,6.15,6.18,3.83,4515.661548064143
420,0.7,Ideal,E,VS2,61.4,57.0,5.76,5.8,3.55,2910.159924674704
432,1.01,Good,E,SI2,61.4,64.0,6.29,6.42,3.9,5515.489371351978
433,0.74,Premium,E,VS2,62.7,58.0,5.77,5.72,3.6,3271.55573878389
434,0.55,Very Good,E,SI1,64.2,55.0,5.18,5.2,3.33,1919.0875512934324
435,0.51,Ideal,E,VS1,62.0,57.0,5.11,5.15,3.18,1646.5825639060083
437,0.55,Very Good,E,VVS2,60.8,55.0,5.26,5.33,3.22,1928.2547261282953
439,0.32,Ideal,E,VS2,60.2,57.0,4.51,4.46,2.7,393.46890712316076
444,0.31,Premium,E,VS1,61.9,58.0,4.31,4.32,2.67,463.7105618495075
454,0.34,Ideal,E,SI1,62.9,56.0,4.48,4.45,2.81,562.7296728592171
460,0.55,Ideal,E,VS1,61.9,55.0,5.3,5.24,3.25,1862.9743015703305
461,1.01,Ideal,E,VS2,61.3,57.0,6.49,6.46,3.97,5305.933436081784
463,0.5,Very Good,E,SI1,63.3,59.0,5.03,4.99,3.17,1596.683995264523
465,0.61,Ideal,E,VS2,61.4,56.0,5.47,5.51,3.37,2301.062084050146
468,1.11,Premium,E,VS2,62.2,58.0,6.61,6.64,4.12,6168.029570624831
474,0.6,Premium,E,SI2,62.0,59.0,5.41,5.37,3.34,2247.465510372684
477,1.2,Very Good,E,SI1,61.8,56.0,6.75,6.82,4.19,6954.109832536124
485,1.01,Good,E,SI2,63.7,58.0,6.32,6.36,4.04,5402.878172183978
486,1.0,Good,E,SI1,63.2,57.0,6.36,6.39,4.03,5275.0422240066855
494,1.0,Premium,E,VS2,62.9,58.0,6.36,6.29,3.98,5287.754355357331
495,0.42,Ideal,E,VS2,62.1,56.0,4.8,4.77,2.97,1058.3490186230838
511,0.31,Ideal,E,SI1,61.1,55.0,4.36,4.41,2.68,427.33323442542655
513,0.41,Good,E,SI2,63.5,55.0,4.69,4.73,2.99,1036.2682523106214
517,0.7,Ideal,E,SI1,61.9,55.0,5.74,5.77,3.56,2917.8850756324796
523,1.02,Very Good,E,SI1,63.1,61.0,6.42,6.35,4.03,5420.869062407745
526,0.42,Ideal,E,VS2,62.0,55.0,4.82,4.8,2.98,1039.600136518366
528,0.76,Ideal,E,VS1,60.5,56.0,5.94,5.99,3.61,3360.595555638849
530,0.75,Premium,E,VS2,59.9,61.0,5.97,5.91,3.56,3247.3207413301907
538,0.26,Good,E,IF,59.6,61.0,4.13,4.16,2.47,197.31482960222115
540,0.75,Very Good,E,SI1,63.4,57.0,5.77,5.75,3.65,3350.8701916048076
546,0.33,Ideal,E,SI1,59.6,57.0,4.49,4.53,2.69,529.4846074778427
551,1.05,Very Good,E,SI2,62.2,59.0,6.44,6.51,4.03,5734.192266547992
553,0.42,Ideal,E,VS2,60.9,57.0,4.85,4.87,2.96,1034.4801419976156
557,0.34,Ideal,E,VS1,62.1,56.0,4.48,4.5,2.79,581.1770022645117
558,0.3,Premium,E,VS2,60.7,59.0,4.3,4.33,2.62,399.1805753784015
565,0.82,Ideal,E,SI2,62.6,55.0,5.94,5.98,3.73,3907.48617950508
566,1.0,Premium,E,VS1,61.4,58.0,6.44,6.42,3.95,5252.8266056044295
568,0.72,Premium,E,SI1,59.5,59.0,5.87,5.83,3.48,3060.7349209361064
581,0.3,Premium,E,VS2,59.2,59.0,4.37,4.41,2.6,360.16294953680426
603,1.03,Good,E,VS1,63.3,59.0,6.4,6.45,4.07,5533.779593850085
606,0.4,Ideal,E,VVS2,61.6,56.0,4.73,4.78,2.93,938.9610713040236
608,0.39,Very Good,E,VS2,60.0,56.0,4.76,4.81,2.87,847.5300387372145
623,0.33,Premium,E,SI1,59.6,60.0,4.51,4.48,2.68,509.88169930670165
626,1.2,Ideal,E,SI2,62.5,55.0,6.77,6.84,4.25,6906.316902912384
630,0.36,Ideal,E,VS1,61.4,56.0,4.59,4.63,2.83,685.9686737344446
644,1.21,Premium,E,SI2,61.9,60.0,6.78,6.73,4.18,7022.142079748429
649,0.2,Premium,E,VS2,61.1,59.0,3.81,3.78,2.32,-107.88545617862383
655,1.0,Premium,E,SI1,60.7,59.0,6.41,6.38,3.88,5312.007549241428
657,0.52,Good,E,VS2,58.3,61.0,5.26,5.31,3.08,1695.1925396537677
663,0.35,Premium,E,VS2,60.9,59.0,4.54,4.56,2.77,650.4551465959605
672,0.5,Ideal,E,SI2,62.8,55.0,5.08,5.05,3.18,1555.8525088854306
675,1.01,Premium,E,VS2,62.5,58.0,6.44,6.4,4.01,5319.205594593523
697,0.85,Ideal,E,VS2,59.3,57.0,6.19,6.22,3.68,4056.797950634076
698,0.38,Very Good,E,VS2,60.3,58.0,4.67,4.72,2.83,833.4056921209644
700,0.75,Premium,E,VS2,62.1,57.0,5.9,5.79,3.63,3252.8401606977523
705,0.91,Premium,E,SI1,62.4,57.0,6.23,6.11,3.85,4525.899699143732
707,0.31,Ideal,E,SI1,62.7,54.0,4.36,4.35,2.73,390.86558864804965
720,1.01,Very Good,E,SI1,62.3,60.0,6.36,6.39,3.97,5410.533039180767
723,0.7,Premium,E,VVS1,61.7,59.0,5.67,5.71,3.51,2998.4551997917124
725,1.02,Very Good,E,VVS1,62.2,57.0,6.4,6.59,4.04,5468.681643960629
727,0.58,Ideal,E,VS1,62.6,56.0,5.33,5.27,3.32,2109.567503481435
729,0.5,Very Good,E,VS2,63.2,56.0,5.06,5.03,3.19,1565.0623794948772
739,0.8,Ideal,E,SI1,61.5,58.0,5.96,6.0,3.68,3715.4845277230006
742,0.7,Ideal,E,SI2,61.2,55.0,5.76,5.68,3.5,2919.9026167220086
750,0.38,Very Good,E,VVS1,60.0,59.0,4.66,4.68,2.8,852.8479979778224
757,1.21,Good,E,I1,63.3,63.0,6.67,6.72,4.24,7084.887631830355
758,0.57,Very Good,E,SI2,59.7,57.0,5.4,5.48,3.25,2014.9909392456507
760,0.32,Ideal,E,VS2,62.7,55.0,4.38,4.36,2.74,471.5668889732499
771,1.11,Very Good,E,SI2,61.7,63.0,6.65,6.54,4.07,6145.3593510029605
772,0.34,Ideal,E,SI1,62.2,54.0,4.47,4.5,2.79,590.0225900076414
775,0.5,Good,E,SI2,58.2,59.0,5.24,5.27,3.06,1513.129324213767
784,0.34,Premium,E,SI1,61.9,59.0,4.48,4.44,2.76,588.8042810748996
785,0.31,Ideal,E,VVS1,61.7,56.0,4.33,4.36,2.68,446.4463993964605
789,0.5,Very Good,E,VS1,62.7,56.0,5.09,5.12,3.2,1546.3762275570552
791,1.0,Very Good,E,SI1,59.6,60.0,6.43,6.48,3.85,5325.699166992288
801,0.76,Premium,E,SI2,60.8,57.0,5.89,5.85,3.57,3406.084881524988
803,0.54,Ideal,E,SI1,61.3,56.0,5.22,5.25,3.21,1854.8515637276587
804,0.46,Ideal,E,VS1,60.3,56.0,5.02,5.06,3.04,1277.8983860914325
818,0.7,Very Good,E,SI2,62.0,60.0,5.67,5.72,3.53,2988.9161882964418
821,0.91,Ideal,E,SI1,61.2,58.0,6.24,6.3,3.84,4550.775650355817
822,1.5,Premium,E,VS1,62.5,58.0,7.28,7.21,4.53,9428.38297106518
832,0.4,Good,E,SI1,63.5,55.0,4.67,4.71,2.98,954.0822323337516
837,0.37,Very Good,E,VS2,61.8,59.0,4.56,4.6,2.83,810.470899742078
845,1.08,Premium,E,SI2,60.8,59.0,6.57,6.62,4.01,5953.814138402407
861,1.0,Premium,E,I1,62.3,58.0,6.38,6.33,3.96,5287.025789624698
869,0.71,Very Good,E,VVS1,62.8,59.0,5.66,5.71,3.57,3076.649215827276
870,0.83,Ideal,E,SI1,61.5,55.0,6.05,6.08,3.73,3927.451532580625
872,0.71,Premium,E,VS2,62.1,59.0,5.68,5.72,3.54,3076.9783567131008
891,0.3,Very Good,E,VVS2,62.9,55.0,4.25,4.27,2.68,401.42900274319936
894,0.58,Very Good,E,SI1,59.6,57.0,5.41,5.42,3.23,2110.680386472697
900,1.0,Ideal,E,SI1,61.6,57.0,6.37,6.45,3.95,5319.199878761345
910,0.57,Very Good,E,VS2,59.5,56.0,5.45,5.47,3.25,1969.278280878335
914,0.52,Premium,E,VS2,61.6,59.0,5.16,5.14,3.17,1708.8013928454216
918,0.3,Good,E,VS2,64.2,57.0,4.24,4.13,2.69,383.97664978946796
919,0.51,Premium,E,VS2,60.5,56.0,5.24,5.18,3.15,1552.5796789207538
922,0.53,Ideal,E,VS2,61.4,56.0,5.18,5.25,3.2,1793.326158540387
923,0.58,Ideal,E,VS2,61.8,57.0,5.32,5.36,3.3,2142.799299236541
941,0.5,Premium,E,SI1,62.3,60.0,5.16,5.08,3.19,1484.0301003219397
945,0.32,Premium,E,SI1,62.2,58.0,4.39,4.36,2.72,473.7450323770622
947,0.42,Ideal,E,VS1,61.6,57.0,4.8,4.84,2.97,1068.7420561847787
952,1.01,Fair,E,VS2,66.6,55.0,6.27,6.2,4.15,5362.720075164716
954,0.3,Very Good,E,SI2,58.8,60.0,4.39,4.42,2.59,349.4683592756876
964,0.52,Very Good,E,VS2,62.5,56.0,5.15,5.18,3.23,1690.5146657544094
971,0.35,Ideal,E,VS2,61.6,56.0,4.54,4.52,2.79,633.4925368423364
972,0.53,Ideal,E,VS2,61.5,56.0,5.18,5.23,3.2,1790.3567192370458
975,2.01,Premium,E,SI2,58.7,54.0,8.27,8.2,4.83,13757.701771202846
982,0.57,Ideal,E,VS1,61.0,56.0,5.38,5.4,3.29,1998.7568952246622
988,0.31,Ideal,E,VS2,60.5,56.0,4.41,4.38,2.66,389.6748679017103
997,0.54,Ideal,E,VVS2,62.2,54.0,5.23,5.26,3.26,1819.9313677688467
1016,0.52,Very Good,E,SI2,62.6,58.0,5.11,5.14,3.21,1730.9818692671843
1017,0.41,Ideal,E,VS1,62.1,56.0,4.78,4.75,2.96,976.1629986462126
1018,0.5,Good,E,VVS2,61.6,62.0,5.04,5.09,3.12,1630.2449319054538
1020,0.44,Ideal,E,SI1,61.1,56.0,4.92,4.9,3.0,1159.8069679233583
1028,1.13,Ideal,E,I1,62.0,55.0,6.66,6.7,4.14,6326.525462138783
1031,0.7,Very Good,E,SI2,59.5,56.0,5.79,5.81,3.45,2940.226536831693
1064,0.27,Fair,E,VS1,66.4,58.0,3.99,4.02,2.66,298.06115871995553
1066,0.4,Very Good,E,SI1,60.8,62.0,4.72,4.76,2.88,972.3965476111649
1067,1.51,Good,E,SI2,63.1,58.0,7.28,7.31,4.6,9507.066730300854
1068,0.3,Very Good,E,VS2,61.9,61.0,4.28,4.32,2.66,393.3395689191061
1073,0.41,Very Good,E,SI1,62.9,57.0,4.72,4.76,2.98,1019.6975136097167
1079,0.31,Very Good,E,VVS1,60.0,56.0,4.45,4.49,2.68,359.6007019506301
1080,0.8,Very Good,E,SI1,62.9,60.0,5.87,5.89,3.7,3767.7391700958433
1086,0.34,Good,E,SI1,63.3,57.0,4.44,4.47,2.82,595.5695975616045
1097,0.54,Good,E,VS2,60.2,61.0,5.27,5.32,3.19,1832.0403937206488
1105,0.41,Ideal,E,SI1,62.9,57.0,4.76,4.72,2.98,978.3762840305178
1115,0.39,Premium,E,VS2,60.1,61.0,4.76,4.72,2.85,845.1912930191195
1124,0.41,Very Good,E,SI2,62.9,58.0,4.74,4.77,2.99,997.9791922016582
1128,0.44,Very Good,E,VS1,60.7,58.0,4.88,4.91,2.97,1213.2096352679569
1133,1.0,Very Good,E,VS2,59.0,58.0,6.49,6.53,3.84,5285.561104365338
1136,1.02,Very Good,E,SI2,62.8,55.0,6.4,6.43,4.03,5450.437995107369
1137,0.56,Premium,E,VVS2,59.2,56.0,5.49,5.39,3.22,1836.1341476796076
1145,0.56,Ideal,E,VVS2,61.0,56.0,5.32,5.36,3.26,1960.007518063908
1152,0.31,Ideal,E,VS1,61.4,56.0,4.38,4.35,2.68,400.7337410291443
1174,0.72,Premium,E,IF,61.3,60.0,5.74,5.71,3.51,3141.3753290563254
1178,0.43,Ideal,E,SI2,62.1,56.0,4.85,4.84,3.01,1104.886276908509
1187,1.54,Premium,E,SI2,59.0,62.0,7.59,7.56,4.47,9648.884619210514
1188,0.56,Very Good,E,SI1,58.5,59.0,5.42,5.45,3.18,1929.0090420854178
1191,0.56,Fair,E,SI2,64.5,61.0,5.18,5.14,3.33,2012.5988551166665
1200,0.3,Ideal,E,VS2,62.4,57.0,4.29,4.24,2.66,372.6162239626119
1203,0.41,Ideal,E,VVS1,61.9,55.0,4.79,4.78,2.96,971.7715698580959
1214,0.26,Very Good,E,SI1,62.0,54.0,4.08,4.11,2.54,195.53611104521906
1215,1.51,Very Good,E,SI2,61.8,57.0,7.34,7.32,4.53,9494.060982508045
1216,0.33,Premium,E,VVS1,60.1,58.0,4.51,4.47,2.7,497.3732485080898
1218,1.01,Good,E,SI1,63.2,59.0,6.25,6.28,3.96,5497.014453760281
1222,1.01,Very Good,E,VS2,63.4,60.0,6.37,6.31,4.02,5362.25036635692
1224,0.7,Premium,E,SI1,59.1,62.0,5.8,5.74,3.41,2943.035373820752
1226,0.91,Very Good,E,SI1,63.3,56.0,6.12,6.17,3.89,4610.062019934294
1228,0.9,Good,E,SI2,63.4,60.0,6.02,6.07,3.83,4614.322272556445
1243,1.74,Ideal,E,SI2,62.3,57.0,7.8,7.7,4.83,11333.878625748412
1248,0.52,Ideal,E,VS2,61.4,54.0,5.2,5.23,3.2,1670.2459220175288
1252,1.0,Ideal,E,SI1,61.6,55.0,6.45,6.43,3.97,5234.44200636603
1254,1.5,Very Good,E,SI2,62.8,57.0,7.17,7.23,4.52,9534.165741116416
1257,0.26,Premium,E,VVS2,58.9,61.0,4.19,4.16,2.46,149.75316871691666
1258,0.58,Premium,E,SI1,62.7,58.0,5.33,5.32,3.34,2105.967370592847
1266,0.55,Ideal,E,VS2,61.8,57.0,5.34,5.27,3.28,1815.5105128324146
1271,0.31,Ideal,E,VS2,62.0,55.0,4.35,4.33,2.69,418.78919938172044
1275,0.4,Very Good,E,VS1,62.8,59.0,4.63,4.67,2.92,1016.5968981404086
1278,0.23,Ideal,E,SI2,61.5,55.0,3.95,3.98,2.43,44.59905234258008
1280,0.3,Ideal,E,VVS2,61.0,56.0,4.33,4.39,2.66,359.50466776515555
1281,0.35,Premium,E,VS2,59.5,58.0,4.59,4.62,2.74,631.6711225107508
1289,0.5,Ideal,E,VS2,60.8,57.0,5.16,5.13,3.13,1524.5248920211166
1290,0.3,Premium,E,VS2,61.6,58.0,4.33,4.31,2.66,347.62691055178993
1294,0.34,Good,E,SI1,60.5,60.1,4.5,4.53,2.73,601.0111791740894
1295,0.3,Very Good,E,VS2,62.6,58.0,4.25,4.28,2.67,408.4255879683408
1296,0.85,Ideal,E,SI2,62.8,57.0,6.06,6.01,3.79,4079.9809573014945
1297,1.0,Very Good,E,SI1,60.9,59.0,6.38,6.43,3.9,5334.944179582229
1302,0.39,Ideal,E,IF,61.5,55.5,4.68,4.72,2.88,899.4203982437411
1303,0.4,Ideal,E,VS2,61.4,57.0,4.78,4.75,2.92,895.7908392068373
1312,1.0,Premium,E,SI2,61.7,58.0,6.39,6.34,3.93,5296.20051825365
1313,0.71,Premium,E,VVS1,62.5,57.0,5.67,5.62,3.53,3076.488613512993
1329,0.51,Ideal,E,SI1,62.1,55.0,5.09,5.15,3.18,1664.2737393922669
1337,1.07,Ideal,E,SI1,60.4,57.0,6.62,6.56,3.98,5814.793856763891
1344,0.53,Ideal,E,VVS1,61.9,55.0,5.2,5.21,3.22,1758.6723733005044
1353,0.65,Premium,E,SI2,62.6,59.0,5.54,5.49,3.45,2601.7570928901687
1361,0.4,Premium,E,VS2,62.0,58.0,4.73,4.69,2.92,931.1104600124582
1366,0.5,Very Good,E,VS2,61.8,57.0,5.05,5.11,3.14,1613.3450523187244
1368,0.63,Premium,E,VS1,60.4,58.0,5.59,5.64,3.39,2408.031898923891
1371,0.3,Ideal,E,VVS2,61.6,56.0,4.32,4.35,2.67,356.89951132813144
1373,1.0,Very Good,E,SI2,63.2,56.0,6.33,6.36,4.01,5308.148559428001
1376,0.56,Ideal,E,SI1,62.7,57.0,5.27,5.23,3.29,1968.3985045874233
1383,0.41,Ideal,E,VS2,61.8,57.0,4.76,4.78,2.95,1003.8201986609537
1388,0.74,Ideal,E,SI2,59.2,59.0,5.92,5.97,3.52,3220.0848385164845
1390,1.01,Good,E,SI1,59.3,64.0,6.47,6.49,3.84,5399.733022978172
1394,0.78,Very Good,E,VS1,60.0,56.0,6.0,6.03,3.61,3518.3001512532737
1402,1.5,Ideal,E,SI1,62.6,56.0,7.27,7.3,4.56,9434.055438952937
1407,0.3,Ideal,E,VVS1,60.1,57.0,4.38,4.41,2.64,329.2698994997927
1412,0.56,Very Good,E,VS1,62.7,60.0,5.25,5.28,3.3,1988.0014127585648
1415,0.57,Premium,E,VS2,61.0,58.0,5.34,5.31,3.25,2042.8242316260246
1419,0.5,Ideal,E,VVS2,61.7,55.7,5.09,5.12,3.13,1584.9592865713496
1422,0.23,Premium,E,VVS2,61.8,58.0,3.94,3.92,2.43,44.5363221756852
1424,0.38,Ideal,E,VS2,61.9,57.0,4.61,4.66,2.87,855.5234383758323
1441,0.88,Ideal,E,SI2,62.2,57.0,6.08,6.2,3.82,4381.222723676343
1472,0.9,Very Good,E,SI1,62.2,60.0,6.14,6.17,3.83,4523.022416155602
1474,1.51,Very Good,E,VS2,62.4,59.0,7.26,7.36,4.56,9554.22896633935
1478,0.51,Ideal,E,VS2,61.5,55.0,5.23,5.14,3.19,1533.4389257633177
1485,0.9,Good,E,SI1,63.9,57.0,6.12,6.08,3.9,4488.768055762529
1489,0.4,Very Good,E,VS1,60.1,58.0,4.72,4.76,2.85,988.9321443315766
1493,0.35,Premium,E,IF,59.0,61.0,4.64,4.62,2.73,592.955049368576
1499,0.96,Premium,E,SI2,62.8,60.0,6.3,6.24,3.94,4945.773258918603
1500,0.34,Very Good,E,SI1,63.4,55.0,4.46,4.44,2.82,573.4242631203344
1501,0.8,Ideal,E,SI1,61.1,56.0,5.98,6.01,3.66,3710.3018030353533
1503,0.54,Ideal,E,VS2,61.8,57.0,5.23,5.26,3.24,1830.9550989157876
1510,0.31,Very Good,E,VVS1,62.3,59.0,4.32,4.38,2.71,441.7258297225194
1512,1.58,Ideal,E,SI1,61.0,57.0,7.5,7.55,4.59,10070.546289298389
1513,0.32,Ideal,E,SI2,61.6,56.0,4.4,4.43,2.72,475.29248219562714
1517,0.41,Ideal,E,VVS2,62.8,54.0,4.77,4.72,2.98,969.530696287389
1536,0.32,Ideal,E,IF,62.6,55.0,4.38,4.41,2.75,473.47862165813285
1540,0.25,Ideal,E,VVS2,62.1,57.0,4.04,4.07,2.52,133.5836928247354
1543,1.08,Ideal,E,VVS1,61.0,56.0,6.66,6.62,4.05,5852.156386420364
1544,0.71,Ideal,E,SI1,60.8,57.0,5.8,5.84,3.54,2988.647939615599
1559,0.7,Premium,E,SI1,60.7,58.0,5.74,5.73,3.48,2956.0411216135617
1560,0.5,Ideal,E,VVS1,61.9,58.0,5.07,5.11,3.15,1590.1420112589954
1565,0.51,Premium,E,SI2,61.8,58.0,5.11,5.08,3.15,1652.7251230647253
1569,0.46,Ideal,E,VS2,62.1,57.0,4.93,4.89,3.05,1326.7565761277215
1574,0.4,Very Good,E,VVS2,63.6,55.0,4.67,4.7,2.98,952.5975126820808
1578,0.32,Premium,E,SI1,60.1,60.0,4.47,4.42,2.67,439.44797620940653
1584,0.23,Very Good,E,VVS1,61.3,58.0,3.94,3.96,2.42,55.987066355838806
1594,0.32,Ideal,E,VS2,62.1,55.0,4.36,4.4,2.72,506.2206742131318
1596,1.24,Premium,E,SI2,60.8,57.0,6.98,6.94,4.23,7156.108974903353
1601,1.0,Fair,E,SI1,66.3,62.0,6.27,6.06,4.09,5272.585571748892
1608,0.56,Ideal,E,VS2,60.9,56.0,5.35,5.32,3.25,1933.0437418013094
1612,0.53,Very Good,E,VS1,63.0,56.0,5.13,5.16,3.24,1802.1441580971143
1613,2.01,Very Good,E,SI2,62.0,61.0,8.04,8.1,5.0,13852.60137802911
1617,1.0,Premium,E,SI2,58.5,59.0,6.62,6.51,3.84,5167.599024401318
1620,0.71,Very Good,E,VVS2,61.7,60.0,5.7,5.74,3.53,3067.768486103654
1626,1.07,Premium,E,SI2,61.3,59.0,6.64,6.58,4.05,5761.489061566681
1631,0.9,Good,E,SI2,61.9,62.0,6.14,6.18,3.81,4535.530866954214
1650,0.71,Ideal,E,VVS2,62.0,53.9,5.73,5.77,3.57,3023.638419535396
1651,0.32,Ideal,E,VS2,62.1,55.0,4.39,4.43,2.74,473.1143387918157
1656,0.41,Very Good,E,SI1,61.4,56.0,4.77,4.81,2.94,1004.9406354463075
1658,0.31,Premium,E,VS1,60.2,58.0,4.43,4.38,2.65,377.4955579889229
1661,0.4,Premium,E,SI1,61.0,59.0,4.71,4.74,2.88,978.2726960509525
1663,0.31,Very Good,E,SI1,62.8,57.0,4.32,4.34,2.72,430.275085542366
1669,0.34,Ideal,E,VS1,62.8,56.0,4.46,4.49,2.81,586.3597269521586
1670,0.3,Ideal,E,VS2,62.3,57.0,4.32,4.29,2.68,342.4793278446366
1671,0.32,Ideal,E,VS2,62.0,55.0,4.38,4.46,2.74,486.41408548995673
1677,0.41,Very Good,E,SI1,63.1,57.0,4.73,4.71,2.98,1003.4283276082336
1696,0.24,Very Good,E,VVS1,62.5,59.0,3.96,4.01,2.49,109.55605184689784
1714,0.53,Very Good,E,VS2,60.1,60.0,5.21,5.28,3.15,1798.8028821333648
1716,0.9,Ideal,E,SI2,62.0,55.0,6.15,6.23,3.84,4517.573280749026
1717,1.11,Very Good,E,VVS1,60.2,59.0,6.67,6.79,4.05,6175.809897955411
1722,0.39,Ideal,E,SI1,61.1,55.0,4.74,4.75,2.9,839.7772995930363
1723,0.27,Very Good,E,VVS1,62.6,58.0,4.11,4.16,2.59,251.28323994008997
1724,2.03,Very Good,E,SI2,63.7,58.0,7.91,7.94,5.05,14121.11841986222
1727,0.51,Very Good,E,VS1,59.6,56.0,5.19,5.24,3.11,1627.7633978403055
1741,0.5,Premium,E,VS2,61.8,58.0,5.11,5.05,3.14,1551.3632079499255
1750,0.45,Ideal,E,SI2,61.5,55.0,4.92,4.97,3.04,1250.5721649244288
1762,0.39,Very Good,E,VS2,60.9,58.0,4.72,4.77,2.89,865.9497799561068
1763,0.57,Ideal,E,VS2,61.8,55.0,5.34,5.38,3.31,2020.1460757468958
1771,0.74,Good,E,SI1,62.8,61.0,5.74,5.76,3.61,3298.5195150464892
1773,0.57,Very Good,E,SI2,61.2,57.0,5.31,5.35,3.26,2069.788007888624
1775,1.01,Premium,E,SI1,60.7,58.0,6.5,6.48,3.94,5316.592884362408
1777,1.01,Very Good,E,VS1,62.9,60.0,6.33,6.43,4.01,5420.961218722955
1782,0.7,Premium,E,VVS1,61.7,59.0,5.71,5.67,3.51,2957.1339702125133
1784,0.38,Ideal,E,VVS1,62.3,56.0,4.64,4.67,2.9,813.9357980777042
1787,0.5,Good,E,SI1,64.0,57.0,5.04,4.99,3.21,1565.7909452275117
1789,0.35,Ideal,E,VVS1,61.9,56.0,4.53,4.55,2.81,635.7685523935363
1791,0.3,Ideal,E,VS2,61.5,56.0,4.33,4.29,2.65,350.1693368219194
1797,0.5,Very Good,E,VS2,63.2,57.0,5.06,5.03,3.19,1565.0623794948772
1800,0.31,Ideal,E,SI2,61.3,55.0,4.37,4.34,2.67,413.60647469407377
1808,0.3,Premium,E,VS2,62.5,58.0,4.26,4.31,2.68,398.5222936067528
1812,0.7,Premium,E,SI1,61.0,56.0,5.75,5.69,3.49,2935.7447896902786
1823,1.1,Good,E,SI2,63.3,56.0,6.53,6.58,4.15,6110.930736206169
1826,0.23,Very Good,E,VVS2,62.4,59.0,3.89,3.93,2.44,84.73711496953092
1832,0.77,Good,E,SI2,58.1,63.0,6.02,6.06,3.5,3463.2740342969464
1841,0.75,Very Good,E,VS1,61.5,54.0,5.88,5.82,3.6,3291.5210918594344
1849,0.34,Ideal,E,VVS1,61.6,55.0,4.5,4.52,2.78,571.9671316550657
1856,0.37,Very Good,E,VS2,62.3,59.0,4.56,4.59,2.85,797.9624489434661
1859,0.28,Ideal,E,VS2,61.5,56.0,4.22,4.24,2.6,262.76728813882346
1863,0.44,Ideal,E,VS2,61.6,54.0,4.9,4.97,3.04,1165.8437186774281
1869,1.03,Ideal,E,SI2,62.3,56.0,6.44,6.52,4.04,5525.325877159677
1884,1.6,Good,E,SI1,63.6,58.0,7.44,7.38,4.71,10237.076438263632
1888,0.27,Ideal,E,VS1,61.6,56.0,4.14,4.17,2.56,242.7667930827854
1892,0.7,Premium,E,VS2,60.2,60.0,5.73,5.7,3.44,2982.4800126955606
1893,0.31,Ideal,E,IF,60.4,56.0,4.43,4.38,2.66,371.9836924154522
1903,0.43,Very Good,E,VVS1,60.3,58.0,4.86,4.93,2.95,1142.4743594712386
1911,0.7,Premium,E,VS2,61.4,59.0,5.73,5.7,3.51,2943.896953681267
1914,0.71,Very Good,E,VS2,59.4,58.0,5.76,5.82,3.44,3076.1795070194803
1916,0.26,Ideal,E,VVS2,61.6,57.0,4.13,4.18,2.56,150.67747874432712
1917,0.91,Ideal,E,VVS1,61.7,56.0,6.18,6.23,3.83,4598.968004826368
1925,0.6,Ideal,E,VVS1,62.5,53.7,5.35,5.43,3.38,2287.399892447601
1928,0.28,Very Good,E,VS1,59.0,60.0,4.26,4.32,2.53,277.84575339396656
1930,0.34,Ideal,E,VS2,62.4,54.0,4.48,4.49,2.8,574.1804170393707
1944,1.04,Ideal,E,SI2,61.9,57.0,6.48,6.51,4.02,5601.9021594156875
1946,0.7,Ideal,E,SI1,62.8,56.0,5.69,5.72,3.58,2943.66568494283
1967,0.38,Very Good,E,SI1,62.8,58.0,4.6,4.63,2.9,843.3792704435382
1981,1.16,Ideal,E,SI2,61.9,55.0,6.71,6.77,4.17,6583.413829464194
1990,0.3,Very Good,E,SI1,60.6,56.0,4.35,4.37,2.64,349.8677841224976
1994,0.53,Ideal,E,SI1,60.6,57.0,5.27,5.23,3.18,1721.7701606958249
1999,1.11,Premium,E,SI2,61.0,60.0,6.68,6.66,4.07,6136.639223593621
2024,0.38,Very Good,E,IF,59.5,57.0,4.77,4.84,2.86,746.2308537893102
2025,1.01,Very Good,E,VS2,59.9,57.0,6.52,6.57,3.92,5323.287916888127
2028,1.0,Premium,E,SI1,60.5,59.0,6.4,6.45,3.89,5325.734308972781
2034,0.56,Ideal,E,VS2,60.7,57.0,5.34,5.31,3.23,1951.4283410397086
2042,1.03,Premium,E,VS2,61.3,61.0,6.53,6.46,3.98,5469.878463002314
2044,0.71,Very Good,E,VS2,64.0,57.0,5.66,5.68,3.63,3039.1238634314404
2056,0.74,Premium,E,VS1,60.9,62.0,5.83,5.8,3.54,3263.4311629793037
2057,1.13,Ideal,E,VS2,61.7,57.0,6.67,6.71,4.13,6324.676459620794
2059,0.24,Very Good,E,VVS2,60.9,58.0,4.03,4.05,2.46,70.1114129720886
2060,0.4,Good,E,SI1,63.2,56.0,4.65,4.69,2.95,985.3395652370796
2065,0.36,Ideal,E,VS1,62.0,56.0,4.59,4.57,2.84,671.54849025095
2068,1.51,Ideal,E,SI2,62.5,57.0,7.29,7.34,4.57,9519.21089823315
2075,0.39,Ideal,E,VVS2,61.9,55.0,4.7,4.73,2.92,861.1664801152699
2076,1.01,Ideal,E,SI2,61.1,57.0,6.48,6.52,3.97,5323.687341734937
2079,1.11,Ideal,E,VVS2,62.9,55.0,6.56,6.62,4.14,6198.264338890194
2085,0.51,Ideal,E,VS2,61.8,57.0,5.14,5.15,3.18,1620.0458006766219
2097,0.42,Ideal,E,SI1,61.3,57.0,4.79,4.81,2.94,1089.6690816933074
2098,0.5,Very Good,E,VS2,62.4,57.0,5.01,5.03,3.13,1642.3615116513465
2106,1.51,Very Good,E,VS2,63.3,61.0,7.24,7.17,4.56,9543.710468443864
2108,0.31,Very Good,E,VVS1,60.4,61.0,4.34,4.4,2.64,465.5871525538969
2112,0.25,Very Good,E,VVS2,62.1,58.0,4.03,4.06,2.51,146.45642648966464
2113,0.9,Very Good,E,SI1,63.1,58.0,6.12,6.02,3.83,4518.442796866799
2142,0.42,Ideal,E,VVS1,62.0,56.0,4.78,4.84,2.98,1080.9213660975656
2144,0.7,Very Good,E,VS2,61.7,60.0,5.67,5.7,3.51,2996.9704801400417
2149,0.31,Good,E,IF,64.2,60.0,4.28,4.22,2.73,442.32893512136343
2155,0.91,Very Good,E,SI2,60.5,59.0,6.26,6.34,3.81,4555.558950196653
2161,0.31,Ideal,E,VVS2,60.8,56.0,4.39,4.42,2.68,402.2811908477104
2166,0.4,Premium,E,VS1,61.8,55.0,4.76,4.72,2.93,903.515990164613
2168,0.51,Premium,E,VVS2,62.1,57.0,5.18,5.15,3.21,1568.1278529836932
2170,0.91,Very Good,E,SI2,60.0,60.0,6.23,6.28,3.75,4606.258588956839
2176,0.27,Ideal,E,VVS1,62.3,56.0,4.17,4.15,2.59,196.7249938296452
2196,0.3,Very Good,E,IF,60.9,59.0,4.29,4.32,2.62,406.5414434698598
2197,1.02,Good,E,SI1,63.7,62.0,6.31,6.4,4.05,5514.570394693578
2209,0.31,Premium,E,VS1,61.0,60.0,4.37,4.35,2.66,420.60305991921473
2212,0.32,Ideal,E,VS2,61.3,57.0,4.45,4.42,2.72,429.57982382831096
2215,0.31,Ideal,E,VS2,62.0,55.0,4.33,4.35,2.69,439.4498141713193
2222,0.52,Ideal,E,SI2,60.9,56.0,5.2,5.23,3.17,1686.7815187379408
2230,0.5,Good,E,SI2,63.2,61.0,5.02,5.05,3.18,1608.9260353442062
2231,1.5,Premium,E,SI2,61.2,59.0,7.41,7.36,4.52,9341.172990753035
2254,0.5,Ideal,E,VS2,62.5,57.0,5.1,5.04,3.17,1542.1884793209729
2261,0.36,Premium,E,VS1,61.3,58.0,4.58,4.56,2.8,700.9568206362903
2272,0.59,Ideal,E,VS2,60.2,59.0,5.47,5.49,3.3,2131.836460294582
2282,0.44,Premium,E,SI1,62.3,59.0,4.84,4.88,3.03,1211.0666338446376
2298,0.95,Very Good,E,SI1,62.8,59.0,6.21,6.25,3.91,4940.984243245587
2309,0.33,Ideal,E,VVS1,61.6,56.0,4.44,4.46,2.74,535.7601807644403
2317,0.54,Ideal,E,VS2,61.3,55.0,5.24,5.26,3.22,1833.1332423196
2336,0.5,Premium,E,VS1,62.8,59.0,5.09,5.0,3.17,1545.095188457419
2345,0.58,Ideal,E,VS2,61.6,55.0,5.33,5.38,3.3,2136.9231507967534
2348,0.3,Premium,E,VS1,61.4,59.0,4.32,4.28,2.64,363.0420704868484
2349,0.3,Ideal,E,VVS2,61.1,57.0,4.34,4.36,2.65,351.71678664048545
2353,1.0,Premium,E,SI1,61.9,62.0,6.4,6.34,3.94,5281.84306493705
2359,0.58,Very Good,E,SI2,59.0,62.0,5.46,5.49,3.23,2076.845485318747
2361,0.35,Very Good,E,IF,57.9,56.0,4.71,4.75,2.74,544.8254250649197
2362,0.52,Ideal,E,VS2,61.2,56.0,5.16,5.23,3.18,1716.6520041369872
2366,0.27,Very Good,E,VVS2,62.5,59.0,4.09,4.14,2.57,277.0287072699484
2370,0.33,Ideal,E,VS1,60.6,57.0,4.5,4.54,2.74,494.56441151903095
2371,0.91,Good,E,I1,57.7,63.0,6.35,6.3,3.65,4558.1996310773375
2373,1.08,Good,E,SI2,63.7,57.0,6.54,6.49,4.15,5883.883428131488
2375,0.24,Very Good,E,VS1,60.1,57.0,4.08,4.1,2.46,33.30707251479657
2380,0.31,Ideal,E,VS1,61.3,55.0,4.36,4.38,2.68,422.8790754704146
2383,0.34,Premium,E,SI2,62.4,59.0,4.46,4.42,2.77,598.014151684346
2384,0.6,Premium,E,VS1,61.0,61.0,5.46,5.39,3.31,2222.742607680792
2385,1.01,Premium,E,SI1,61.7,56.0,6.44,6.39,3.96,5345.280202809206
2389,0.63,Very Good,E,SI1,61.0,57.6,5.48,5.51,3.36,2502.5676053470033
2391,0.76,Ideal,E,VS2,62.1,55.0,5.84,5.88,3.64,3416.183920181351
2400,0.36,Very Good,E,VS2,61.3,60.0,4.55,4.59,2.8,731.9477428206899
2412,1.0,Ideal,E,SI2,62.0,57.0,6.37,6.41,3.96,5307.749134581192
2434,0.3,Premium,E,VS2,59.1,58.0,4.37,4.39,2.59,362.7053758069335
2435,1.0,Very Good,E,VVS2,61.7,55.0,6.38,6.42,3.95,5305.900132063204
2438,1.2,Ideal,E,SI2,62.0,57.0,6.8,6.82,4.22,6893.346297100065
2447,0.5,Ideal,E,VS2,62.9,54.0,5.14,5.1,3.22,1488.1551183911279
2451,0.42,Very Good,E,SI1,62.3,58.0,4.76,4.81,2.98,1094.1583826288122
2455,0.3,Very Good,E,SI1,63.2,57.0,4.3,4.25,2.7,343.2078935772713
2476,1.22,Very Good,E,VS2,59.5,60.0,6.91,7.0,4.14,7071.703953709999
2481,0.34,Ideal,E,SI1,63.0,55.0,4.47,4.42,2.8,572.6329672208055
2483,0.34,Very Good,E,VS2,62.8,58.0,4.43,4.45,2.79,617.9813427218041
2484,0.4,Ideal,E,SI2,61.2,55.0,4.74,4.77,2.91,939.6544950561653
2486,1.57,Ideal,E,VS2,62.3,57.0,7.39,7.44,4.62,10032.560619850761
2510,0.4,Very Good,E,VVS2,61.4,56.0,4.74,4.81,2.93,934.5696425159067
2514,0.75,Very Good,E,VS2,62.8,55.0,5.77,5.79,3.63,3367.8328013584314
2516,0.25,Ideal,E,VS2,60.6,57.0,4.08,4.11,2.48,126.18768275278421
2520,0.31,Ideal,E,VS1,60.1,55.0,4.42,4.53,2.69,386.56447821323013
2525,0.31,Very Good,E,SI1,63.1,57.0,4.31,4.28,2.71,435.7242209489425
2529,0.36,Ideal,E,VS1,62.4,55.0,4.61,4.59,2.87,640.2911573476208
2530,1.52,Good,E,I1,57.3,58.0,7.53,7.42,4.28,9581.05827297532
2531,0.94,Premium,E,SI1,62.0,58.0,6.24,6.27,3.88,4831.532894306695
2534,0.75,Ideal,E,SI1,62.1,55.0,5.81,5.85,3.62,3346.87063386941
2536,0.33,Ideal,E,SI1,59.6,57.0,4.53,4.49,2.69,488.1633778986434
2548,0.5,Very Good,E,VS2,62.8,60.0,5.02,5.08,3.17,1618.8920598726888
2549,0.86,Ideal,E,SI2,61.8,57.0,6.1,6.13,3.78,4170.346729455755
2555,0.28,Very Good,E,IF,59.6,55.0,4.24,4.31,2.55,283.0284780816128
2577,0.86,Very Good,E,VS2,62.3,56.0,6.05,6.08,3.78,4207.151069913048
2579,0.52,Ideal,E,SI1,60.1,59.0,5.18,5.23,3.13,1726.5201565180816
2580,0.41,Premium,E,VS1,62.3,59.0,4.76,4.74,2.96,992.3694544808005
2591,0.92,Very Good,E,SI1,63.3,57.0,6.22,6.17,3.92,4607.490167515849
2594,1.71,Very Good,E,SI1,63.4,56.0,7.58,7.5,4.78,11219.087625731416
2598,0.51,Ideal,E,VS2,62.0,54.0,5.16,5.13,3.19,1593.8733203135514
2599,0.4,Good,E,SI1,63.5,58.0,4.65,4.67,2.96,976.8582603602676
2601,0.78,Good,E,SI2,63.7,54.0,5.82,5.77,3.69,3594.8230950983952
2603,0.4,Premium,E,SI1,60.8,62.0,4.76,4.72,2.88,931.075318031966
2605,1.01,Fair,E,SI2,67.6,57.0,6.21,6.11,4.18,5385.895528038042
2606,0.52,Ideal,E,VS2,61.7,55.0,5.16,5.21,3.2,1702.6588336867046
2607,0.41,Ideal,E,VS2,61.8,56.0,4.78,4.74,2.94,985.7020101414831
2626,1.01,Fair,E,SI2,60.0,60.0,6.48,6.38,3.86,5363.531787919723
2629,0.71,Ideal,E,VS1,62.4,56.0,5.75,5.7,3.57,2995.554206487443
2633,0.75,Ideal,E,SI1,61.4,57.0,5.82,5.87,3.59,3357.530082150033
2635,0.94,Premium,E,SI2,62.4,58.0,6.26,6.33,3.93,4795.190708863109
2637,0.3,Premium,E,VS2,62.4,59.0,4.3,4.26,2.67,361.22820994935387
2638,0.41,Very Good,E,SI2,63.3,56.0,4.73,4.69,2.98,1000.4588883048923
2642,1.12,Very Good,E,SI2,60.9,63.0,6.59,6.65,4.03,6339.231877657254
2650,1.12,Ideal,E,SI2,62.0,57.0,6.61,6.63,4.11,6274.476338279889
2652,0.71,Premium,E,SI1,61.8,59.0,5.75,5.7,3.54,3012.089803207855
2655,0.35,Premium,E,VS2,61.6,58.0,4.57,4.52,2.8,601.4439080394782
2658,0.58,Ideal,E,VS2,61.9,57.0,5.37,5.33,3.31,2088.605335992413
2672,0.43,Very Good,E,SI1,63.1,56.0,4.83,4.8,3.04,1100.1029770676719
2674,0.53,Ideal,E,VS2,62.7,54.0,5.18,5.15,3.24,1756.4314997297977
2695,0.73,Good,E,SI1,63.2,58.0,5.7,5.76,3.62,3225.970378712276
2701,0.34,Ideal,E,VS2,62.5,55.0,4.45,4.48,2.79,604.7443261905578
2704,0.53,Ideal,E,VS2,62.8,55.0,5.21,5.17,3.26,1721.8404446568106
2707,0.36,Ideal,E,VS2,62.6,56.0,4.56,4.52,2.84,690.6616552219839
2708,0.51,Very Good,E,VVS2,61.3,55.0,5.14,5.16,3.16,1632.5542514752337
2714,1.19,Premium,E,VS1,59.8,58.0,7.01,6.94,4.17,6650.545296448498
2715,0.35,Ideal,E,VS1,61.9,56.0,4.53,4.55,2.81,635.7685523935363
2737,0.59,Ideal,E,SI1,62.9,57.0,5.36,5.33,3.36,2172.3112176014474
2743,0.71,Very Good,E,VS2,62.9,57.0,5.68,5.7,3.58,3051.9614551158766
2746,0.33,Ideal,E,VVS1,61.5,56.0,4.49,4.46,2.75,486.0203764753244
2747,0.71,Ideal,E,VS2,62.0,57.0,5.71,5.74,3.55,3047.8991672135844
2758,1.13,Ideal,E,VS2,61.4,58.0,6.71,6.74,4.13,6293.7482676032905
2759,0.39,Fair,E,SI1,65.6,60.0,4.5,4.56,2.97,985.2786730320979
2761,0.56,Good,E,VS2,62.3,63.0,5.22,5.27,3.27,2029.5890530566928
2772,0.77,Very Good,E,SI2,60.4,58.0,5.91,5.95,3.58,3500.148658715224
2773,0.44,Very Good,E,SI1,62.2,60.0,4.79,4.86,3.0,1268.860729977354
2775,1.01,Premium,E,SI1,59.5,60.0,6.54,6.46,3.87,5316.824153100844
2780,0.26,Very Good,E,VVS2,61.7,61.0,4.08,4.12,2.53,202.53269627036047
2788,0.37,Ideal,E,VS1,61.4,55.0,4.62,4.66,2.85,755.2819600463858
2792,0.33,Ideal,E,VS2,61.5,57.0,4.41,4.47,2.73,569.2935292189688
2795,0.42,Ideal,E,VVS2,62.3,55.0,4.81,4.76,2.98,1042.5068456548129
2810,0.5,Good,E,VS2,64.1,58.0,5.03,5.01,3.22,1572.094106700511
2811,0.26,Very Good,E,VVS2,62.9,56.0,4.07,4.1,2.57,186.36138241626531
2814,0.53,Very Good,E,SI1,63.0,55.0,5.14,5.18,3.25,1790.7561440838563
2816,0.36,Ideal,E,VS2,61.9,56.0,4.55,4.56,2.82,716.4698527187365
2817,0.48,Premium,E,SI2,62.9,60.0,4.93,4.9,3.09,1511.033076952026
2829,0.36,Good,E,VVS1,58.2,56.0,4.68,4.74,2.74,672.2970903758958
2838,0.56,Ideal,E,VS1,61.8,56.0,5.28,5.33,3.28,1979.9119789344709
2843,0.3,Ideal,E,VVS1,60.6,57.0,4.33,4.35,2.63,370.1013858788847
2844,0.37,Ideal,E,VS1,61.6,54.7,4.61,4.63,2.85,759.6733888345032
2870,0.5,Very Good,E,SI1,60.7,61.0,5.09,5.12,3.1,1601.4948832917612
2873,1.36,Premium,E,VVS2,59.8,59.0,7.12,7.2,4.38,8217.230934640025
2874,0.51,Ideal,E,SI1,62.3,56.0,5.15,5.12,3.2,1595.7223228315388
2880,0.9,Premium,E,SI2,59.5,61.0,6.3,6.24,3.73,4447.004705561937
2884,1.18,Ideal,E,SI2,60.9,57.0,6.86,6.89,4.19,6662.362161456881
2885,0.36,Ideal,E,VS1,61.8,56.0,4.55,4.58,2.82,719.439292022078
2899,0.56,Very Good,E,SI1,60.2,57.0,5.36,5.4,3.24,1941.5877768450155
2911,1.0,Very Good,E,VVS2,63.5,55.0,6.36,6.31,4.02,5268.67633236679
2912,0.59,Premium,E,SI2,60.8,56.0,5.43,5.4,3.29,2159.3681999755327
2915,0.39,Premium,E,VS2,62.5,60.0,4.64,4.67,2.91,910.843554237492
2916,0.85,Ideal,E,SI1,61.8,54.0,6.1,6.14,3.78,4069.411827374167
2920,0.4,Very Good,E,SI1,61.7,60.0,4.68,4.72,2.9,990.8162888300582
2921,0.22,Fair,E,VS2,65.1,61.0,3.87,3.78,2.49,-49.82145391988274
2922,0.31,Premium,E,VS2,60.3,58.0,4.42,4.37,2.65,384.8564260803814
2925,0.61,Very Good,E,VS1,59.6,63.0,5.44,5.57,3.28,2386.113955350792
2928,0.32,Ideal,E,VS2,61.4,56.0,4.4,4.43,2.71,480.80434776909783
2933,0.35,Ideal,E,VS2,62.4,57.0,4.52,4.55,2.83,633.5904089897247
2943,0.57,Premium,E,VS2,63.0,59.0,5.29,5.25,3.32,2039.5607934173513
2946,0.41,Good,E,SI2,63.8,57.0,4.75,4.68,3.01,964.7473964465522
2950,1.2,Ideal,E,SI2,61.3,56.0,6.85,6.88,4.21,6863.538541867916
2956,0.51,Very Good,E,SI2,63.3,56.0,5.12,5.08,3.23,1599.7846107338316
2957,0.3,Premium,E,SI1,62.5,60.0,4.24,4.27,2.66,421.2983216332693
2965,0.52,Premium,E,SI1,61.6,58.0,5.17,5.12,3.17,1696.9863657989506
2975,0.7,Very Good,E,SI1,59.4,63.0,5.79,5.73,3.42,2944.8843763387395
2978,0.9,Fair,E,SI2,65.0,58.0,6.08,6.04,3.94,4496.16406583448
2981,2.01,Premium,E,SI1,60.4,61.0,8.05,7.98,4.84,13914.12900364146
2987,0.79,Ideal,E,VS2,59.3,57.0,6.02,6.06,3.58,3624.0183531756984
2999,0.25,Very Good,E,VVS1,62.9,58.0,4.01,4.03,2.53,148.66971187396985
3007,0.4,Ideal,E,SI2,61.0,58.0,4.76,4.78,2.91,923.4480392215784
3010,0.31,Ideal,E,VS1,62.0,55.0,4.35,4.38,2.7,420.70093206660295
3011,0.46,Very Good,E,VS2,62.2,58.0,4.95,4.99,3.09,1301.8651348642875
3013,0.3,Ideal,E,VS2,61.5,55.0,4.3,4.34,2.66,378.61783273618994
3015,0.71,Very Good,E,SI1,63.1,58.0,5.65,5.69,3.58,3077.0134986935927
3017,1.02,Very Good,E,IF,61.7,60.0,6.38,6.52,3.98,5509.050975326017
3020,0.36,Ideal,E,VS1,61.7,56.0,4.58,4.56,2.82,689.9330894893492
3025,0.3,Ideal,E,VS2,62.1,55.0,4.28,4.32,2.67,387.82770334563565
3026,0.71,Very Good,E,VS2,63.7,58.0,5.6,5.64,3.58,3113.8178391508864
3027,0.3,Ideal,E,VS1,61.6,55.0,4.34,4.36,2.68,335.1811899200734
3035,0.51,Good,E,SI1,57.4,62.0,5.24,5.29,3.02,1640.565847544249
3039,0.3,Very Good,E,VVS2,59.7,57.0,4.37,4.43,2.62,352.10865769320435
3047,0.7,Premium,E,VS1,59.4,61.0,5.78,5.74,3.42,2955.214683733539
3052,0.41,Premium,E,SI1,61.4,56.0,4.81,4.77,2.94,963.6194058671077
3055,1.0,Ideal,E,VS2,61.6,57.0,6.44,6.38,3.95,5246.8877269977465
3056,0.37,Premium,E,SI1,61.8,58.0,4.59,4.64,2.85,778.8492839724322
3060,0.8,Very Good,E,SI2,62.6,59.0,5.84,5.91,3.68,3808.269103775514
3077,0.34,Good,E,SI2,63.1,56.0,4.46,4.51,2.83,578.3054351085586
3078,0.4,Good,E,SI1,64.2,57.0,4.68,4.66,3.0,926.7893151853282
3079,0.34,Ideal,E,VVS2,62.4,55.0,4.47,4.51,2.79,591.5073096593121
3085,2.07,Premium,E,SI2,58.9,61.0,8.45,8.35,4.95,14169.127330119485
3092,0.25,Ideal,E,VVS2,61.6,57.0,4.08,4.1,2.52,102.65550080723119
3094,0.35,Very Good,E,VS2,60.2,60.0,4.54,4.57,2.74,668.4754629680428
3095,0.42,Ideal,E,SI1,62.6,57.0,4.81,4.84,3.02,1032.337140574296
3103,0.73,Ideal,E,VS1,61.4,55.0,5.8,5.82,3.57,3173.982147058363
3105,1.51,Ideal,E,SI2,62.9,57.0,7.29,7.23,4.57,9502.878982064773
3106,0.26,Very Good,E,VVS1,61.5,56.0,4.1,4.15,2.53,189.29567973911435
3112,0.43,Very Good,E,VVS2,60.8,57.0,4.89,4.92,2.98,1097.9172798697698
3114,0.57,Premium,E,SI1,62.5,57.0,5.28,5.22,3.28,2065.99968449935
3115,1.1,Ideal,E,SI2,61.6,56.0,6.66,6.63,4.09,6036.432887244669
3116,1.2,Ideal,E,VVS1,60.1,61.0,6.83,6.91,4.13,6929.77880089695
3118,0.24,Very Good,E,VVS2,62.9,57.0,3.96,3.99,2.5,101.07474697008615
3120,0.27,Very Good,E,VVS1,60.9,59.0,4.17,4.21,2.55,227.68077403355164
3125,0.3,Very Good,E,SI1,62.9,56.0,4.24,4.31,2.69,410.7016035195404
3126,1.53,Very Good,E,VS2,61.2,60.0,7.49,7.4,4.56,9561.558570320578
3138,1.09,Premium,E,VVS2,59.9,59.0,6.73,6.7,4.02,5921.070247885495
3142,1.07,Ideal,E,VVS2,61.8,54.0,6.56,6.61,4.07,5825.684191319784
3143,0.7,Very Good,E,SI2,63.1,56.0,5.66,5.63,3.56,2967.8637024541226
3151,0.55,Ideal,E,VS1,61.5,57.0,5.23,5.27,3.23,1940.371305874187
3160,0.35,Ideal,E,VVS1,62.2,56.0,4.53,4.51,2.81,629.8296737868534
3161,0.46,Premium,E,VS1,61.9,58.0,4.94,4.91,3.05,1320.8804276879332
3164,0.7,Very Good,E,VS1,63.4,62.0,5.64,5.56,3.55,2980.6737059521565
3173,1.01,Very Good,E,VS2,62.0,55.0,6.42,6.46,3.99,5356.8288191367465
3181,1.5,Very Good,E,VS2,62.1,60.0,7.27,7.31,4.53,9452.075755325019
3182,0.7,Very Good,E,VS2,58.8,56.0,5.79,5.84,3.42,2961.216292507117
3184,0.32,Ideal,E,VS2,61.6,56.0,4.4,4.43,2.72,475.29248219562714
3195,1.09,Ideal,E,SI2,61.9,55.0,6.6,6.64,4.1,5983.059646048385
3196,0.9,Ideal,E,VS2,62.7,56.0,6.14,6.18,3.86,4507.9715390868605
3199,0.55,Ideal,E,SI1,61.7,57.0,5.27,5.23,3.24,1893.5382107215178
3204,0.34,Ideal,E,SI1,62.9,55.0,4.5,4.47,2.82,542.4960711028298
3208,0.53,Premium,E,VS2,59.8,58.0,5.26,5.27,3.15,1753.090223766049
3230,1.01,Premium,E,VS2,62.2,58.0,6.41,6.36,3.97,5361.85094151011
3236,0.72,Premium,E,SI2,61.6,59.0,5.83,5.68,3.55,3035.263418119269
3240,0.33,Premium,E,SI1,60.2,58.0,4.55,4.49,2.72,453.9366056919732
3246,1.64,Premium,E,SI1,61.8,59.0,7.55,7.51,4.65,10601.826008934784
3254,2.05,Very Good,E,SI2,62.5,56.0,8.08,8.17,5.08,14193.195626963554
3255,0.53,Ideal,E,VS1,60.1,57.0,5.25,5.31,3.17,1756.8509589689195
3256,0.3,Ideal,E,SI2,62.1,54.0,4.32,4.35,2.69,345.8757801811903
3290,1.07,Ideal,E,SI2,61.4,57.0,6.62,6.57,4.05,5777.695517401268
3292,1.0,Very Good,E,SI2,62.6,58.0,6.33,6.39,3.98,5329.138315103426
3297,0.41,Ideal,E,VVS2,60.0,57.0,4.81,4.85,2.9,997.5446253743556
3308,0.4,Premium,E,SI1,61.0,59.0,4.74,4.71,2.88,947.2817738665531
3309,0.9,Premium,E,SI2,59.2,60.0,6.31,6.23,3.71,4447.698129314078
3311,1.53,Premium,E,SI1,61.3,59.0,7.35,7.4,4.52,9707.444261018269
3312,1.02,Premium,E,SI2,59.9,58.0,6.6,6.55,3.94,5340.94966622607
3321,0.41,Ideal,E,VVS1,61.1,56.0,4.8,4.82,2.94,979.888591868591
3333,1.01,Premium,E,VVS2,61.8,59.0,6.42,6.39,3.96,5362.971378295464
3337,0.51,Very Good,E,VS2,63.3,57.0,5.12,5.05,3.22,1600.8423173522901
3345,1.53,Very Good,E,SI1,63.5,58.0,7.35,7.29,4.65,9619.458092394772
3354,0.82,Ideal,E,SI1,61.8,55.0,5.97,6.01,3.7,3901.939171951116
3360,0.52,Very Good,E,VS2,62.8,58.0,5.11,5.14,3.22,1725.4700036937134
3362,0.31,Ideal,E,VS2,61.0,56.0,4.41,4.38,2.68,378.65113675476914
3363,1.01,Premium,E,I1,59.8,58.0,6.57,6.53,3.92,5273.1210995657975
3377,0.38,Ideal,E,VS1,61.6,56.0,4.65,4.7,2.88,820.5681004365279
3379,0.51,Ideal,E,VS2,62.4,57.0,5.13,5.1,3.19,1615.9559245879268
3380,0.5,Good,E,SI2,58.3,58.0,5.23,5.2,3.04,1522.6056055421423
3388,1.0,Very Good,E,SI2,61.9,59.0,6.39,6.43,3.97,5287.515532824806
3390,1.02,Very Good,E,SI2,63.3,58.0,6.31,6.4,4.02,5531.10599141399
3397,0.26,Ideal,E,VVS2,62.5,55.0,4.09,4.07,2.55,175.23977912193664
3399,0.41,Very Good,E,SI1,60.5,61.0,4.78,4.8,2.9,1016.6577903453896
3403,0.9,Very Good,E,SI1,60.1,58.0,6.25,6.29,3.77,4476.608780242053
3405,0.41,Premium,E,SI1,62.3,56.0,4.78,4.76,2.97,972.1358527244125
3409,0.53,Good,E,SI1,64.1,54.0,5.11,5.16,3.29,1792.2760057160192
3413,0.5,Very Good,E,VS2,63.6,59.0,4.99,5.04,3.19,1628.4662133484514
3416,0.91,Premium,E,I1,59.6,59.0,6.29,6.32,3.76,4553.612075531278
3419,0.34,Premium,E,SI1,59.3,58.0,4.55,4.59,2.71,576.715289515409
3420,0.53,Premium,E,VS2,61.4,58.0,5.24,5.19,3.2,1731.3443141715882
3426,0.32,Premium,E,VVS2,61.1,58.0,4.45,4.42,2.71,435.0916894017819
3431,0.51,Very Good,E,SI2,60.3,56.0,5.19,5.22,3.14,1608.258361816552
3434,1.02,Premium,E,VVS1,62.2,57.0,6.59,6.4,4.04,5272.405803459433
3445,0.5,Good,E,SI1,64.0,56.0,5.03,4.9,3.18,1577.8096528260162
3450,0.53,Ideal,E,VS2,61.9,55.0,5.19,5.22,3.22,1769.0026806953038
3455,1.02,Ideal,E,VVS1,62.2,58.0,6.42,6.44,4.0,5450.767135993193
3462,0.5,Ideal,E,SI1,61.9,55.0,5.18,5.12,3.19,1472.277803442364
3463,0.41,Premium,E,VVS1,62.9,59.0,4.76,4.72,2.98,978.3762840305178
3469,0.7,Ideal,E,SI1,62.8,55.0,5.65,5.69,3.56,2985.6176081072754
3476,0.43,Ideal,E,SI2,62.1,56.0,4.84,4.85,3.01,1115.2165843033085
3487,0.31,Ideal,E,SI1,61.8,53.9,4.32,4.35,2.68,453.80726748791903
3492,0.55,Ideal,E,SI1,60.7,57.0,5.3,5.27,3.21,1889.4759228192247
3503,0.41,Good,E,VVS1,64.1,55.0,4.68,4.71,3.01,1031.1206696034687
3504,0.4,Very Good,E,VVS1,62.8,57.0,4.65,4.71,2.94,993.8208701138916
3505,1.02,Premium,E,I1,60.4,62.0,6.52,6.47,3.92,5410.860342104678
3507,0.72,Very Good,E,VS2,59.8,57.0,5.84,5.89,3.51,3079.6444053551068
3508,0.31,Ideal,E,VS1,61.2,55.0,4.42,4.4,2.7,361.7512571680404
3515,0.77,Ideal,E,SI2,61.0,57.0,5.95,5.92,3.62,3438.2646864938133
3519,1.16,Ideal,E,SI1,61.9,57.0,6.72,6.76,4.17,6573.083522069394
3523,0.71,Ideal,E,SI1,61.3,55.0,5.72,5.77,3.52,3060.0433351458787
3531,0.31,Ideal,E,VS2,61.8,56.0,4.36,4.34,2.69,411.4283312902612
3535,0.3,Premium,E,SI2,61.7,61.0,4.33,4.29,2.66,344.6574712484487
3541,1.07,Premium,E,VS1,62.0,60.0,6.58,6.49,4.05,5801.200111160419
3555,1.0,Ideal,E,SI2,61.8,57.0,6.39,6.43,3.96,5293.027398398276
3557,0.24,Very Good,E,VVS2,62.4,54.0,3.96,3.99,2.48,112.0984781170273
3561,1.37,Premium,E,SI2,61.0,57.0,7.25,7.19,4.4,8192.149464913991
3565,0.53,Ideal,E,SI1,61.2,54.0,5.21,5.25,3.2,1766.7893953109997
3569,0.5,Very Good,E,SI1,63.4,55.0,5.02,5.1,3.21,1599.8140368821478
3576,0.93,Premium,E,SI2,62.9,57.0,6.25,6.19,3.91,4691.854330896532
3580,1.0,Very Good,E,SI2,63.3,58.0,6.35,6.32,4.01,5284.5185053350615
3592,1.01,Ideal,E,VS2,62.1,56.0,6.41,6.45,3.99,5364.189687228204
3603,0.3,Ideal,E,VVS1,61.6,56.0,4.31,4.32,2.66,366.80280568971966
3604,0.71,Very Good,E,SI1,62.0,59.0,5.69,5.76,3.55,3068.5597820031826
3611,0.9,Good,E,SI1,63.8,56.0,6.09,6.17,3.91,4523.155430283481
3634,0.33,Ideal,E,VVS1,60.2,57.0,4.47,4.5,2.7,537.2097584356184
3639,0.38,Ideal,E,VS2,61.7,54.3,4.68,4.69,2.89,787.0347519820002
3642,0.44,Good,E,SI1,63.2,53.0,4.84,4.87,3.07,1187.5344518990846
3643,1.06,Premium,E,SI2,60.5,60.0,6.67,6.61,4.02,5653.522432279458
3667,0.55,Ideal,E,SI2,62.0,56.0,5.27,5.31,3.28,1883.368505641001
3668,0.7,Very Good,E,VS1,61.9,61.0,5.59,5.65,3.48,3076.8471805471336
3676,0.44,Premium,E,SI1,62.9,58.0,4.88,4.85,3.06,1154.6945271966974
3678,0.57,Ideal,E,VS2,61.5,57.0,5.35,5.32,3.28,2018.927766814155
3689,0.72,Ideal,E,SI1,62.3,57.0,5.7,5.76,3.57,3151.110084846371
3690,1.0,Very Good,E,SI1,59.2,59.0,6.49,6.55,3.86,5277.506812521738
3695,0.32,Ideal,E,SI1,61.6,54.0,4.42,4.45,2.73,455.0588804392405
3696,0.41,Premium,E,SI2,62.9,58.0,4.77,4.74,2.99,966.9882700172598
3698,0.41,Premium,E,VVS1,60.7,58.0,4.8,4.86,2.93,991.3393360487441
3699,0.4,Good,E,SI1,63.6,57.0,4.65,4.69,2.97,974.3158340901384
3704,0.35,Good,E,VS2,57.8,60.0,4.64,4.67,2.69,622.4261099208118
3712,0.32,Premium,E,VVS1,61.8,59.0,4.35,4.39,2.7,524.605273451532
3716,0.71,Premium,E,SI1,62.7,56.0,5.71,5.64,3.56,3027.5401051234066
3720,1.21,Good,E,VS1,61.7,58.0,6.73,6.78,4.17,7079.3054822958975
3729,0.92,Premium,E,SI2,61.7,59.0,6.27,6.18,3.84,4608.841873039641
3735,1.6,Good,E,SI1,63.6,58.0,7.38,7.44,4.71,10299.05828263243
3741,1.13,Very Good,E,SI2,60.3,58.0,6.78,6.86,4.11,6260.669520368376
3749,1.01,Very Good,E,SI1,63.2,59.0,6.28,6.25,3.96,5466.023531575882
3750,0.5,Ideal,E,VS2,61.4,55.0,5.12,5.14,3.15,1550.3682314983623
3758,0.33,Ideal,E,VS1,61.5,56.0,4.45,4.5,2.75,527.3416060545233
3774,0.56,Ideal,E,SI1,61.7,56.0,5.33,5.3,3.28,1931.229881263814
3789,0.72,Ideal,E,SI1,62.0,57.0,5.7,5.75,3.55,3160.649096341642
3794,2.02,Premium,E,SI2,60.4,57.0,8.21,8.18,4.95,13844.083093209892
3802,0.38,Very Good,E,SI2,61.6,57.0,4.61,4.65,2.85,865.0624498711029
3806,0.32,Ideal,E,VS2,62.6,53.0,4.38,4.37,2.74,473.0516086249204
3807,0.3,Ideal,E,VS2,62.5,56.0,4.3,4.28,2.68,358.68578367922464
3810,0.42,Very Good,E,VS1,62.8,57.8,4.8,4.83,3.03,1034.1861430922845
3812,0.7,Good,E,SI1,63.6,62.0,5.57,5.6,3.55,3048.531698760743
3816,0.31,Ideal,E,SI1,60.1,57.0,4.36,4.39,2.63,451.9231229894383
3817,1.0,Fair,E,SI1,57.4,61.0,6.53,6.63,3.78,5298.097143350353
3819,1.18,Very Good,E,I1,62.5,58.0,6.62,6.75,4.18,6859.382057742061
3824,0.85,Ideal,E,VS1,63.0,57.0,6.08,5.99,3.8,4053.808476938424
3835,0.39,Ideal,E,VS1,62.3,54.4,4.66,4.69,2.91,896.1218180545748
3837,1.18,Ideal,E,I1,61.6,56.0,6.82,6.79,4.19,6682.897315912691
3839,0.56,Very Good,E,VVS2,60.3,57.0,5.33,5.37,3.23,1969.1822466928616
3847,1.2,Very Good,E,VS2,60.7,59.0,6.79,6.86,4.14,6952.225688037643
3848,1.01,Ideal,E,VS2,62.5,54.0,6.39,6.42,4.0,5371.91483818598
3850,0.5,Premium,E,VS2,60.5,60.0,5.09,5.13,3.09,1608.4914685169026
3867,1.55,Ideal,E,VVS2,62.5,55.0,7.38,7.4,4.62,9830.628085520691
3873,0.52,Very Good,E,SI1,62.8,57.0,5.09,5.13,3.21,1747.188325101772
3876,1.51,Fair,E,VS2,65.0,58.0,7.06,7.12,4.61,9667.948121694482
3879,1.5,Premium,E,VS2,61.8,59.0,7.38,7.31,4.54,9349.26242457713
3882,0.34,Good,E,SI1,63.5,55.0,4.44,4.47,2.83,590.0577319881338
3887,1.1,Premium,E,SI2,60.7,58.0,6.77,6.65,4.07,5953.124592520531
3888,0.4,Premium,E,SI2,60.5,59.0,4.74,4.78,2.88,957.6748114282478
3889,0.71,Good,E,SI2,58.8,63.0,5.75,5.88,3.42,3104.9571438195744
3890,0.31,Ideal,E,VS2,61.6,57.0,4.38,4.35,2.69,395.22187545567385
3891,0.37,Premium,E,VS2,63.0,58.0,4.58,4.53,2.87,760.3392244002425
3892,1.01,Very Good,E,VS2,60.4,58.0,6.47,6.6,3.95,5355.434417838373
3894,0.4,Good,E,SI1,63.3,56.0,4.68,4.74,2.98,949.6908035456348
3895,0.36,Ideal,E,VS2,62.1,55.0,4.54,4.58,2.83,722.7730141917366
3896,0.3,Premium,E,IF,61.9,58.0,4.3,4.26,2.65,372.251941096295
3902,0.27,Very Good,E,VVS2,61.7,58.0,4.12,4.15,2.55,263.00039483917294
3905,1.0,Fair,E,SI1,57.4,62.0,6.54,6.59,3.77,5288.8245425740115
3918,0.52,Very Good,E,SI1,59.3,59.0,5.26,5.3,3.13,1666.148492134744
3920,0.72,Ideal,E,SI1,62.0,57.0,5.72,5.66,3.53,3140.6191751372894
3922,0.25,Very Good,E,VVS1,62.9,59.0,3.99,4.02,2.52,170.3880332820272
3927,0.71,Ideal,E,VS1,62.3,56.0,5.66,5.7,3.54,3091.700092896017
3930,0.47,Ideal,E,VS1,61.5,55.0,5.01,5.04,3.09,1358.6348283971247
3941,0.51,Ideal,E,SI1,61.7,55.0,5.13,5.17,3.18,1631.860827723092
3942,1.02,Premium,E,SI1,61.4,58.0,6.48,6.45,3.97,5415.7139259065
3947,0.51,Good,E,VS2,63.1,59.0,5.04,5.07,3.19,1691.112055321077
3951,0.4,Ideal,E,VS2,61.6,57.0,4.73,4.75,2.92,940.0187779224823
3956,1.01,Very Good,E,SI1,61.0,56.0,6.47,6.54,3.97,5335.502368781408
3958,0.34,Ideal,E,VVS1,62.2,56.0,4.45,4.49,2.78,611.7409114156992
3960,0.3,Ideal,E,VVS2,62.3,56.0,4.3,4.34,2.69,362.0822360157781
3964,0.34,Very Good,E,VVS2,62.7,59.0,4.41,4.43,2.77,643.7268100516621
3974,0.75,Premium,E,SI2,63.0,58.0,5.78,5.71,3.62,3352.6213219754063
3984,0.71,Good,E,SI1,63.1,59.0,5.62,5.75,3.59,3106.946714259535
3995,1.22,Premium,E,VS2,62.2,55.0,6.91,6.85,4.28,6972.267040906349
3998,0.39,Ideal,E,VVS1,62.1,54.0,4.67,4.7,2.91,888.7609499631167
4003,1.24,Premium,E,SI2,60.8,57.0,6.98,6.94,4.23,7156.108974903353
4006,0.33,Premium,E,SI1,59.1,58.0,4.56,4.51,2.68,470.10791954606816
4010,0.52,Ideal,E,VS2,61.0,57.0,5.21,5.19,3.17,1671.997052388129
4018,0.9,Fair,E,SI2,65.8,59.0,6.03,5.98,3.95,4525.9718210666315
4020,0.39,Very Good,E,SI2,59.1,56.0,4.76,4.82,2.83,871.0622206827677
4033,0.31,Ideal,E,VS2,62.0,55.0,4.37,4.34,2.7,397.0708779736617
4034,1.53,Ideal,E,SI1,62.3,54.2,7.35,7.38,4.59,9665.891762700634
4035,0.25,Very Good,E,VVS2,61.9,59.0,3.99,4.02,2.48,192.43549557590973
4038,1.0,Premium,E,SI2,60.4,60.0,6.49,6.46,3.91,5236.585007789348
4042,1.5,Premium,E,SI2,62.7,56.0,7.38,7.33,4.61,9313.648804866176
4044,0.36,Ideal,E,SI1,61.6,56.0,4.56,4.59,2.82,712.0784239306199
4047,1.18,Premium,E,SI2,62.5,60.0,6.74,6.7,4.2,6734.7876754192175
4050,1.08,Ideal,E,VVS2,61.0,56.0,6.64,6.67,4.06,5871.759294591505
4056,0.75,Ideal,E,SI1,61.4,56.0,5.83,5.89,3.6,3346.142068136775
4060,0.31,Ideal,E,VS2,61.4,54.0,4.41,4.38,2.7,367.62740560782777
4065,0.77,Ideal,E,SI2,62.1,56.0,5.84,5.86,3.63,3521.145968184739
4068,0.35,Premium,E,SI1,59.7,60.0,4.58,4.53,2.72,638.1779645357847
4073,0.53,Premium,E,SI1,61.8,60.0,5.21,5.18,3.21,1750.884492175834
4075,0.59,Very Good,E,VS2,60.8,57.0,5.37,5.42,3.28,2220.9230313111193
4077,0.92,Fair,E,SI1,65.6,57.0,6.1,6.07,3.99,4660.206964902398
4085,0.54,Premium,E,SI1,62.2,58.0,5.26,5.23,3.26,1788.9404455844483
4091,1.61,Very Good,E,SI1,62.3,57.0,7.43,7.47,4.64,10400.28718361935
4095,0.46,Very Good,E,SI1,59.3,63.0,5.09,5.02,3.0,1232.0878555767276
4103,1.05,Ideal,E,VVS2,62.4,56.0,6.49,6.52,4.06,5674.913450763606
4111,0.39,Ideal,E,VS1,62.3,57.0,4.67,4.64,2.9,885.3644976265632
4113,0.38,Premium,E,VS1,60.7,59.0,4.65,4.7,2.84,842.6155627304104
4116,0.24,Very Good,E,VVS2,62.1,59.0,3.95,4.0,2.47,127.9406510852973
4124,0.4,Very Good,E,VVS1,61.2,61.0,4.7,4.74,2.89,981.6064182206106
4131,0.75,Ideal,E,VS2,62.0,56.0,5.82,5.85,3.62,3338.0250461262804
4132,0.62,Very Good,E,VS1,60.1,56.0,5.56,5.58,3.35,2345.2881848038783
4133,0.41,Good,E,SI1,63.9,58.0,4.72,4.7,3.01,994.253598979281
4138,0.4,Premium,E,VVS1,61.4,59.0,4.68,4.74,2.89,999.2975937068701
4140,1.03,Premium,E,SI2,62.0,59.0,6.42,6.49,4.0,5560.610355984804
4141,0.57,Very Good,E,SI2,58.8,57.3,5.42,5.46,3.21,2016.3777867499339
4142,0.59,Very Good,E,VS2,61.7,60.0,5.36,5.4,3.32,2204.751717457025
4143,1.0,Fair,E,SI1,58.1,63.0,6.6,6.52,3.81,5203.310516259659
4149,1.0,Premium,E,SI1,61.7,58.0,6.42,6.35,3.94,5265.636609102464
4168,0.7,Ideal,E,VS2,62.2,55.0,5.64,5.67,3.52,3013.5412188409464
4172,0.51,Very Good,E,SI2,58.3,61.9,5.19,5.2,3.04,1660.4075782479167
4173,0.56,Ideal,E,VS1,60.8,55.0,5.37,5.32,3.25,1915.3525663150508
4187,0.41,Very Good,E,SI2,63.2,58.0,4.72,4.68,2.97,1013.3316219698218
4197,0.72,Very Good,E,SI2,61.4,58.0,5.76,5.8,3.55,3114.9991681412203
4208,0.3,Ideal,E,VVS2,62.2,57.0,4.28,4.31,2.67,386.3429836939649
4213,1.04,Ideal,E,VVS2,61.0,57.0,6.61,6.57,4.02,5495.817836665034
4219,0.44,Premium,E,VVS2,60.0,59.0,4.95,4.99,2.98,1157.6564127059473
4221,0.73,Premium,E,VS2,61.6,59.0,5.77,5.73,3.54,3203.6920301431255
4227,0.31,Good,E,IF,64.2,60.0,4.22,4.28,2.73,504.31077949016276
4228,0.34,Ideal,E,SI2,62.9,56.0,4.48,4.45,2.81,562.7296728592171
4235,0.82,Very Good,E,VS2,62.8,59.0,5.92,5.93,3.72,3923.265622306455
4237,1.04,Very Good,E,SI1,62.8,59.0,6.46,6.41,4.04,5593.722407238299
4244,0.71,Premium,E,VS2,61.0,60.0,5.76,5.69,3.49,3029.318823680408
4245,0.5,Ideal,E,SI1,63.0,56.0,5.13,5.06,3.21,1496.5736931010442
4250,1.74,Ideal,E,SI1,62.2,56.0,7.72,7.67,4.79,11422.236631032314
4252,0.8,Premium,E,SI1,62.9,60.0,5.89,5.87,3.7,3747.0785553062447
4254,0.32,Very Good,E,VVS1,60.9,58.0,4.49,4.45,2.72,398.651631810807
4255,1.07,Ideal,E,SI2,62.4,60.0,6.49,6.52,4.06,5879.752694230123
4260,1.02,Premium,E,SI1,62.8,58.0,6.45,6.39,4.03,5400.27117778504
4263,0.7,Very Good,E,SI2,63.2,61.0,5.62,5.59,3.54,3008.330905966898
4264,0.3,Premium,E,VS2,61.8,58.0,4.28,4.26,2.64,395.4549821560231
4268,0.34,Ideal,E,VVS1,62.2,56.0,4.46,4.44,2.77,600.9835909876874
4271,1.03,Ideal,E,VVS2,60.6,59.0,6.5,6.53,3.95,5523.343860513807
4276,1.34,Very Good,E,SI2,62.1,63.0,7.06,7.01,4.37,8042.76740982401
4279,0.58,Ideal,E,SI2,61.4,57.1,5.36,5.38,3.3,2110.386387567366
4286,0.3,Ideal,E,VVS1,62.5,56.0,4.28,4.3,2.68,379.3463984688235
4293,0.38,Ideal,E,VVS2,62.4,56.0,4.63,4.69,2.91,820.2389595507038
4298,0.41,Ideal,E,VS1,62.0,55.0,4.77,4.74,2.95,989.0357323111422
4299,0.7,Premium,E,SI2,59.8,61.0,5.76,5.74,3.44,2961.882128072856
4301,0.71,Ideal,E,SI2,62.7,56.0,5.68,5.71,3.57,3058.958040341018
4308,0.4,Premium,E,IF,61.3,58.0,4.77,4.73,2.91,907.178853220096
4309,0.51,Ideal,E,SI1,61.7,56.0,5.13,5.17,3.18,1631.860827723092
4315,0.36,Ideal,E,VS1,61.6,57.0,4.54,4.58,2.81,733.7967453386777
4327,0.33,Premium,E,VS2,61.1,59.0,4.49,4.45,2.73,495.5593879705948
4334,1.53,Premium,E,SI2,58.9,59.0,7.63,7.55,4.47,9509.597926853066
4336,1.02,Very Good,E,VS2,59.2,58.0,6.52,6.58,3.88,5449.239720566939
4340,0.59,Very Good,E,SI1,62.9,58.0,5.31,5.34,3.35,2223.5357415422345
4342,1.11,Premium,E,SI2,62.5,58.0,6.61,6.63,4.14,6155.52111982622
4346,0.23,Very Good,E,VVS2,63.8,57.0,3.88,3.9,2.48,67.08108146376571
4347,1.06,Premium,E,VS2,62.3,58.0,6.52,6.49,4.05,5751.854015885936
4354,0.71,Premium,E,SI1,59.2,59.0,5.83,5.86,3.46,3009.1755402773183
4372,0.57,Ideal,E,VS1,61.4,57.0,5.32,5.37,3.28,2052.8881283018945
4373,0.73,Good,E,VS2,64.2,54.0,5.68,5.72,3.66,3215.67521329797
4378,0.7,Ideal,E,VS2,61.9,58.0,5.7,5.73,3.54,2958.352279145254
4382,0.71,Very Good,E,VS2,61.6,56.0,5.74,5.81,3.56,3026.243575972421
4390,0.72,Ideal,E,VS2,61.1,56.0,5.78,5.81,3.54,3104.3045778801034
4394,0.57,Ideal,E,VS2,61.6,56.0,5.38,5.33,3.3,1982.851992089497
4398,0.44,Very Good,E,VVS2,59.6,59.0,4.98,4.99,2.97,1136.6315150500304
4401,0.3,Ideal,E,VS2,62.3,56.0,4.28,4.32,2.68,382.31583777216497
4416,0.23,Very Good,E,VVS1,60.2,59.0,3.97,4.01,2.4,47.89763253174601
4426,1.01,Good,E,SI1,63.3,57.0,6.33,6.37,4.02,5406.54103523946
4438,0.39,Ideal,E,VS2,60.5,56.0,4.75,4.77,2.88,844.9248823001901
4443,0.71,Ideal,E,SI1,61.8,57.0,5.72,5.76,3.55,3042.023018773796
4444,1.01,Good,E,VS2,63.7,56.0,6.29,6.27,4.0,5438.099920842211
4446,0.26,Very Good,E,VS1,63.0,59.0,4.03,4.06,2.55,226.8285859290404
4449,0.5,Ideal,E,SI1,60.6,59.0,5.13,5.16,3.12,1561.0276797789866
4460,0.9,Very Good,E,SI1,61.7,58.0,6.15,6.2,3.81,4529.654718514425
4473,0.3,Ideal,E,VVS2,62.1,54.0,4.32,4.35,2.69,345.8757801811903
4483,0.74,Very Good,E,SI2,63.1,57.0,5.8,5.76,3.65,3223.398526293832
4493,0.27,Very Good,E,VVS2,61.8,59.0,4.14,4.18,2.57,238.73964716098567
4495,0.55,Ideal,E,SI1,60.8,56.0,5.31,5.34,3.24,1874.487775917379
4501,0.59,Very Good,E,SI2,63.8,57.0,5.31,5.34,3.4,2195.9764136748818
4503,0.52,Ideal,E,SI1,60.7,55.0,5.23,5.22,3.18,1653.2481702834118
4509,1.09,Ideal,E,SI1,61.1,55.0,6.7,6.66,4.08,5908.596939067375
4511,1.01,Good,E,SI1,63.7,58.0,6.32,6.36,4.04,5402.878172183978
4513,0.35,Good,E,VS1,61.3,65.0,4.51,4.53,2.77,672.5377508703359
4515,0.9,Very Good,E,SI1,62.6,58.0,6.11,6.15,3.84,4541.077874508176
4519,1.5,Premium,E,VS1,59.5,61.0,7.46,7.43,4.43,9356.94487976032
4534,1.01,Premium,E,VS1,60.8,59.0,6.46,6.42,3.92,5354.090648571841
4538,0.37,Premium,E,VS2,60.6,58.0,4.65,4.62,2.81,744.8537805041983
4542,0.4,Premium,E,VVS2,61.4,56.0,4.81,4.74,2.93,862.2574907523085
4544,0.28,Very Good,E,VS2,63.0,59.0,4.11,4.15,2.6,346.70627644820706
4545,0.32,Ideal,E,VS2,61.5,56.0,4.43,4.45,2.73,446.21329269611124
4577,2.0,Fair,E,SI2,59.9,61.0,8.16,8.04,4.86,13712.292503496868
4579,0.47,Premium,E,SI1,60.2,61.0,5.05,4.96,3.02,1349.9577792255363
4585,0.54,Very Good,E,SI1,60.2,58.0,5.23,5.37,3.19,1874.8463429515184
4588,0.32,Ideal,E,VS1,61.9,56.0,4.38,4.41,2.72,490.01421837854446
4595,1.7,Premium,E,SI1,61.8,58.0,7.62,7.52,4.68,11139.373748063688
4601,0.32,Good,E,SI1,63.1,56.0,4.36,4.39,2.76,482.688492267579
4605,0.92,Good,E,SI1,63.7,57.0,6.11,6.14,3.9,4711.361204882199
4621,1.52,Premium,E,VS1,60.1,59.0,7.49,7.45,4.49,9505.145605859967
4622,0.28,Very Good,E,VS1,60.9,59.0,4.19,4.22,2.56,308.3820743587512
4626,0.7,Very Good,E,SI1,63.3,58.0,5.63,5.57,3.55,2991.0040133469565
4635,0.32,Ideal,E,VS2,62.1,55.0,4.43,4.4,2.74,433.27782886428713
4640,1.03,Premium,E,VS2,61.2,59.0,6.53,6.47,3.98,5471.363182653984
4645,0.7,Good,E,SI2,62.9,56.0,5.63,5.66,3.55,3004.3664902119926
4648,1.0,Good,E,VS2,63.7,56.0,6.37,6.34,4.05,5247.749306858262
4653,0.37,Very Good,E,VVS1,60.9,56.0,4.65,4.67,2.84,735.7417820421399
4659,1.11,Premium,E,VS1,61.2,58.0,6.69,6.65,4.08,6120.7970506253505
4662,0.53,Good,E,VS2,63.7,55.0,5.15,5.12,3.27,1761.9785072837615
4665,0.33,Ideal,E,VVS1,62.2,55.0,4.42,4.46,2.76,542.4276251037577
4674,0.53,Ideal,E,VS2,60.9,59.0,5.17,5.21,3.16,1818.2803299707155
4679,0.98,Fair,E,SI2,53.3,67.0,6.82,6.74,3.61,4946.769486250469
4681,0.91,Ideal,E,SI2,62.7,57.0,6.19,6.26,3.9,4555.993517023956
4684,0.34,Ideal,E,VS1,62.4,55.0,4.47,4.44,2.78,586.6261376710881
4688,0.38,Ideal,E,IF,61.1,56.0,4.67,4.72,2.87,811.3582298270821
4694,1.0,Very Good,E,SI2,63.5,54.0,6.41,6.35,4.05,5213.851675537417
4699,0.36,Premium,E,VS2,61.3,60.0,4.54,4.59,2.8,740.7933305638192
4712,0.51,Premium,E,SI1,58.8,58.0,5.28,5.23,3.09,1557.692119647414
4717,1.0,Very Good,E,SI1,61.1,60.0,6.42,6.47,3.94,5283.453244922512
4724,0.5,Very Good,E,VS2,61.2,63.0,5.14,5.09,3.13,1536.2771889006924
4725,0.33,Ideal,E,VS2,61.1,56.0,4.45,4.48,2.73,535.3958978981232
4728,1.01,Premium,E,SI2,60.6,58.0,6.53,6.47,3.94,5288.571401481349
4730,1.02,Ideal,E,SI2,62.1,55.0,6.51,6.4,4.01,5359.706102124877
4740,1.09,Premium,E,SI2,59.4,60.0,6.81,6.7,4.01,5855.817411513933
4747,0.5,Premium,E,VS1,58.8,62.0,5.17,5.14,3.03,1572.2826796643635
4753,1.5,Fair,E,SI2,69.6,62.0,6.88,6.79,4.76,9593.075347230357
4754,0.25,Good,E,VVS2,63.1,56.0,4.0,4.05,2.54,154.97287334696944
4756,0.52,Premium,E,SI1,59.8,61.0,5.2,5.17,3.1,1716.4562598422103
4758,0.31,Premium,E,SI1,59.3,59.0,4.48,4.42,2.64,344.71836345343013
4768,0.3,Ideal,E,VS2,61.5,55.0,4.29,4.33,2.65,391.4905664011187
4770,1.02,Ideal,E,SI2,62.9,57.0,6.44,6.38,4.03,5407.6320458764985
4776,0.7,Ideal,E,SI1,61.6,57.0,5.71,5.76,3.53,2959.472715930608
4779,0.47,Good,E,VS1,58.3,61.2,5.11,5.15,2.98,1347.1413884423869
4784,0.34,Ideal,E,SI1,61.2,57.0,4.48,4.51,2.75,604.7091842100647
4786,0.33,Good,E,SI1,63.8,55.0,4.38,4.36,2.79,546.4271828391552
4789,0.32,Premium,E,VVS1,60.8,59.0,4.43,4.45,2.7,462.74888941652284
4794,0.31,Premium,E,VS2,61.6,59.0,4.32,4.35,2.67,459.3191330613897
4799,0.31,Ideal,E,SI2,59.5,61.0,4.42,4.45,2.64,402.2460488672175
4802,0.52,Ideal,E,VS1,62.6,57.0,5.15,5.11,3.21,1691.145359339656
4804,0.33,Premium,E,VS1,60.9,58.0,4.49,4.45,2.72,501.07125354406526
4805,1.01,Fair,E,SI1,65.3,59.0,6.13,6.19,4.02,5556.727836371971
4807,0.3,Ideal,E,VVS1,62.1,56.0,4.3,4.33,2.68,366.10938193757806
4809,0.52,Good,E,VS2,63.3,56.0,5.08,5.12,3.23,1743.525462046289
4820,0.32,Ideal,E,VS2,62.1,55.0,4.4,4.36,2.72,464.8994446339325
4825,0.55,Ideal,E,VS2,62.0,56.0,5.26,5.25,3.26,1894.3295066210478
4829,0.32,Premium,E,SI1,61.2,58.0,4.42,4.37,2.69,465.2285855197574
4834,0.45,Good,E,SI1,63.9,57.0,4.81,4.86,3.09,1303.9823860631182
4837,0.31,Ideal,E,VS1,61.9,56.0,4.34,4.32,2.68,431.661933046649
4838,0.52,Ideal,E,VS2,60.7,56.0,5.2,5.24,3.17,1688.2662383896113
4840,0.3,Ideal,E,SI1,61.9,57.0,4.29,4.33,2.67,380.46683525417757
4845,1.51,Premium,E,SI2,62.7,58.0,7.27,7.24,4.55,9533.078608349642
4847,0.74,Ideal,E,SI1,61.6,54.0,5.82,5.9,3.61,3248.5408882248457
4850,0.42,Ideal,E,SI1,61.5,55.0,4.82,4.9,2.99,1048.9354674616022
4858,0.7,Very Good,E,VS2,58.7,63.0,5.73,5.69,3.35,3030.6020832051254
4862,1.02,Good,E,SI2,63.2,56.0,6.37,6.41,4.04,5468.493453459944
4866,0.92,Ideal,E,SI1,61.4,55.0,6.29,6.25,3.85,4596.031869541605
4875,0.66,Very Good,E,VVS1,61.8,55.0,5.6,5.66,3.48,2659.807825522643
4890,0.23,Very Good,E,VVS2,63.0,58.0,3.92,3.95,2.48,39.1223287496025
4891,0.33,Ideal,E,VS2,62.3,56.0,4.46,4.47,2.78,497.50626263597064
4916,0.4,Good,E,SI1,64.2,56.0,4.66,4.69,3.0,948.9346496265979
4919,0.34,Premium,E,VS2,61.0,59.0,4.51,4.48,2.74,579.2301275991363
4920,0.3,Good,E,SI1,63.7,59.0,4.27,4.21,2.7,363.805778199976
4929,0.44,Ideal,E,VVS2,61.8,56.0,4.88,4.93,3.03,1183.1078811304747
4936,1.0,Premium,E,VS1,59.1,59.0,6.56,6.51,3.86,5209.648819713151
4947,0.32,Ideal,E,VS2,62.9,56.0,4.39,4.36,2.75,457.2094356566506
4950,0.37,Very Good,E,VS2,60.6,58.0,4.62,4.65,2.81,775.8447026885976
4961,0.55,Very Good,E,VS1,62.8,56.0,5.2,5.24,3.28,1934.8945822812098
4970,1.01,Very Good,E,VS2,61.7,60.0,6.36,6.45,3.95,5430.465088237732
4972,0.31,Ideal,E,VS2,62.0,56.0,4.36,4.38,2.71,406.34347875000276
4985,2.0,Ideal,E,SI2,62.2,57.0,8.11,8.09,5.04,13664.730460148397
4986,0.58,Ideal,E,VS2,62.1,55.0,5.35,5.34,3.32,2102.269365556872
4988,0.53,Premium,E,SI2,59.9,58.0,5.31,5.27,3.17,1697.8385539034618
4999,0.33,Ideal,E,VS2,61.8,55.0,4.45,4.48,2.76,518.8603011777116
